-0.51556,3.69,1.1912,-8.0652,6.4129,5.3395,-11.27,-0.94945,-0.50631,2.6736,2.8895,6.4625,0.18015,3.9884,-0.049983,-2.3431,-6.296,-2.1969,8.3436,-3.3005,1.0863,7.1304,0.66647,2.1743,-2.6606,0.16859,-6.2215,2.1766,3.2672,8.127,0.72391,3.8756,-3.9245,-1.6259,3.262,-3.0796,0.9043,6.4719,-0.52307,-0.3212,-1.224,15.283,0.31715,-1.9454,5.4761,5.1406,-9.5843,-2.2579,4.0516,-3.13,6.6873,1.8782,-2.8333,-0.71205,-0.13524,-5.4405,2.0542,-0.73588,0.26675,-9.8313,0.68117,1.7467,-4.2964,-1.9961,-5.6985,-0.95398,-5.7253,-0.91367,-1.673,4.5033,4.8987,-4.8259,1.0558,1.9761,4.3475,3.0093,-4.2162,0.70261,-2.4141,1.6985,-6.9161,9.1375,3.7821,-7.1905,4.4385,1.9782,-2.2921,-2.1393,-10.11,-2.6948,-1.2791,-5.4922,0.063349,2.6976,1.356,-3.5749,-1.3979,1.7161,3.2632,-5.3597,-0.47496,0.11767,2.3955,0.30099,1.4849,3.6296,-0.4783,5.295,4.9274,2.7684,-6.486,0.43222,-16.369,0.60181,3.8063,-3.6541,-0.12901,8.1248,6.6622,0.035895,-7.159,9.0629,0.36012,-3.2362,-2.0518,-1.669,-2.6234,-3.91,-5.3976,2.5759,3.373,-2.7112,-2.7633,-1.2916,4.5493,-0.27072,-3.0833,-1.6639,7.3048,-3.9984,3.2766,6.8265,3.2661,-4.172,-0.40691,4.2315,4.4343,-3.1711,-6.4326,-3.2972,1.1555,1.5528,-4.6896,4.1196,3.7862,2.9138,-1.7081,6.3946,-2.256,-1.7724,2.9087,-0.82397,1.4501,-8.9103,3.2692,-3.8498,-5.4192,-1.0549,1.1891,-5.3366,3.8222,-2.2359,0.43305,-1.1463,4.2167,-6.1547,-9.2909,3.6423,-2.4866,1.3435,1.7439,-3.0135,5.5413,-8.5665,5.9094,0.089651,-5.3943,-5.2551,0.54878,-8.0913,0.32465,4.6239,2.191,1.5693,-2.892,2.0989,-9.1712,-1.2046,1.456,-6.7397,1.4174,3.9905,-0.50318,-1.7378,0.38054,-0.53903,3.5448,-2.4093,4.7756,-6.4727,-0.38524,1.4003,-2.2135,1.7723,3.9581,-2.3745,-3.9018,-1.7716,3.1839,-5.1041,-2.7592,9.2652,-1.8116,-2.5843,-0.63484,5.1486,-2.9965,-0.75661,3.1827,1.5192,-2.9107,8.242,-1.3136,0.24488,-2.3493,-8.0855,-2.2971,1.671,-3.9172,-4.1967,-0.395,6.6243,3.9461,1.5771,4.3028,7.5283,-4.1985,2.4665,0.15218,1.3196,0.57971,7.4022,-3.0015,-3.2458,3.9775,9.347
-2.4754,2.5137,-4.1249,-4.6659,-0.38526,0.49383,4.4596,-3.603,4.7302,-4.6524,2.8011,-5.4519,-1.3294,9.1128,-4.1914,0.57866,2.0989,0.19135,2.1252,-0.057469,-0.99436,-1.9282,8.3411,0.46627,-2.4622,-3.4295,-0.66295,-9.7338,-4.9145,0.70647,6.2129,-10.971,-3.2286,3.0149,0.12982,-0.38838,3.6061,-1.731,-1.2818,-5.2226,0.6652,-4.4834,-1.2467,-1.3591,-4.8353,-0.86332,4.5372,-8.0204,2.1332,1.1045,0.30902,-3.6451,-1.5051,-1.0359,2.5153,3.1862,1.3436,-7.1811,4.551,7.9714,-5.941,2.8636,2.181,0.050498,-7.6843,-4.8237,4.1388,-3.4966,0.98313,-3.7894,-1.7188,-6.123,0.38121,5.6544,2.5422,7.6659,7.2634,3.2696,-2.3606,2.414,1.2433,2.2948,1.2413,-5.0224,-1.6898,-3.0678,5.0966,-4.1908,-3.7094,7.2646,-4.2284,-3.7209,-3.1566,0.65614,-9.2265,2.6918,5.1718,2.796,0.96116,5.7387,-1.9308,-7.2501,5.35,3.3104,4.9231,7.3837,4.1112,-0.25496,-4.7204,1.3334,-1.9814,-9.5538,2.5317,1.8566,3.922,-1.6249,0.54087,-1.7758,-1.2686,0.62938,1.0063,3.3299,-1.1411,-3.5247,-7.3137,6.0726,3.8962,-3.0236,-6.2671,7.8299,-8.5027,-0.72796,-0.33557,2.5213,-3.2061,2.7457,6.8363,-0.50884,-1.7878,-1.9103,0.76622,-2.1291,5.7169,5.0627,-3.566,6.0956,3.8719,-4.9111,-6.9705,-0.18595,4.7511,-0.44728,1.1221,0.0575,-3.8043,-5.3335,5.9495,-0.51113,-3.3156,6.3754,0.51679,-6.0287,3.7259,-2.3659,1.5525,5.4265,9.7354,-3.0854,-1.276,-0.61314,-0.84381,-4.5957,-2.9558,8.2235,-4.3377,-4.7816,-1.3628,-6.4082,-5.7663,-4.4486,-3.3509,-3.5607,-1.963,3.7622,3.54,1.6537,4.63,-8.8907,-6.879,-6.6042,-3.262,-6.4752,1.4384,-0.35547,5.3949,-0.33565,8.1219,-5.9135,8.7088,2.8002,-1.3082,-6.9267,0.80879,-4.7842,0.96706,-0.65628,-3.587,-1.3621,0.89814,-1.8817,-2.4475,-2.6405,0.71745,6.5698,7.9632,0.68829,1.1502,2.5609,-7.3529,-0.84265,-1.1732,-4.5525,1.4263,-0.4878,1.4223,7.0757,-2.2971,-5.8986,-1.8858,4.5105,7.1998,-10.668,-1.3173,1.5012,3.0226,-6.2226,8.2049,-1.4334,-1.0717,1.3502,-2.1032,3.3985,2.0062,4.8986,-3.3021,1.9228,2.353,-2.5285,-5.9494,0.43064,-3.7936,0.13359,1.9969,-1.6547,-5.1833,-4.8822
0.45902,3.0569,-8.4772,-1.3746,4.2625,-3.659,0.42256,0.4171,-0.62012,-4.2584,-0.69612,7.8665,1.0217,1.5579,-3.2302,-4.1303,0.37037,5.7303,-1.1026,0.12591,2.6556,4.224,-2.9032,5.454,13.424,-1.5711,-8.6532,-1.3131,1.7906,-3.213,-0.49246,-2.4924,-2.2513,-4.8951,3.1904,4.9126,-4.0205,3.3139,1.1089,-3.0986,5.6804,3.6651,-4.1897,2.9097,-4.2971,7.6135,-9.1832,3.8445,0.67379,-8.9052,1.2262,3.2132,5.2507,4.2277,-1.7292,-1.7422,1.2202,1.4,-1.2502,1.4105,-0.4044,-0.63014,-6.9342,3.8054,6.0997,-0.091791,-9.6379,-3.0531,-13.229,1.1005,4.099,-1.7883,-6.2903,-0.072984,-2.2043,3.9954,-3.6729,5.8422,-0.61889,1.4768,1.2589,-4.4399,-8.5344,0.52664,-0.59387,-6.09,-3.546,2.2955,1.4339,1.6158,-1.3099,-3.8562,-2.9928,2.328,-1.6455,-2.5796,-7.3148,6.663,6.2546,-1.9766,2.4848,6.8867,-3.2921,0.52276,1.3315,-4.6354,-1.9411,-1.3154,5.684,1.7161,3.1718,5.8905,0.46945,-5.173,6.8673,6.4428,-1.9437,9.7139,5.4604,0.58425,11.326,-1.8538,-4.6129,0.53278,2.0004,3.2665,-13.201,-3.6941,0.83014,-3.4143,1.8203,4.8008,-2.9939,-4.041,10.904,5.802,-1.6946,3.0442,-4.4466,-3.5423,15.465,0.97594,-1.7142,4.4242,10.704,0.37121,-8.5425,3.4977,2.5562,-2.5535,-4.0676,5.6597,1.5582,-8.688,-0.84964,-1.7532,-2.8482,1.4873,-4.7498,-7.2274,2.1103,7.8248,0.13605,-2.8118,-1.9376,-4.471,-1.6954,2.1092,-1.9579,-0.45885,3.9553,1.323,-5.4218,2.7783,-2.2996,-1.7958,5.843,0.55348,3.1752,4.3198,5.9322,-5.2948,-2.4814,-1.4185,3.9133,0.28309,-2.3994,13.314,2.4858,-1.407,-4.8012,2.7366,2.2698,2.7687,6.3924,-2.0017,1.4767,-1.2895,1.1543,-10.622,2.3978,2.7523,-1.5575,-3.0234,4.6847,-2.8164,2.4559,-2.861,-1.3769,-0.29613,0.68361,0.023853,-1.4894,-0.098961,0.38824,0.19728,2.6369,-0.86642,-1.8923,0.47635,-2.9222,-2.2416,-2.0535,2.6105,6.8298,2.0494,-7.5721,5.2758,1.9414,0.7205,4.4675,1.746,2.6326,-3.6034,-3.7735,-7.927,0.72295,1.6997,3.8539,-0.81358,1.0873,-4.6649,-1.797,-2.8413,6.367,3.386,1.8012,1.0637,-0.82751,1.7719,8.3306,2.6772,-0.4899,2.7149,-3.8497,0.31457
-4.3862,6.301,-1.9125,2.7463,2.0698,-0.17081,6.8351,1.7946,2.2525,-1.3852,4.1994,0.37184,2.7719,-4.54,4.4188,-1.8407,3.8147,1.2699,-4.6125,-5.116,8.8564,-2.5379,-10.06,-4.4961,1.5461,-6.2949,5.2908,6.1585,2.8131,4.7925,-2.9037,-9.4976,3.3155,3.0969,-5.3197,4.2241,3.0904,3.3522,-5.1768,3.8281,4.2621,-4.4905,-3.2148,5.1088,-6.2066,1.7467,0.64453,8.6997,2.3602,-0.078395,5.3332,-0.14949,4.8619,4.7314,-1.5054,-3.2398,4.8975,8.7373,0.68339,-4.1268,-0.26873,-2.3078,-18.433,0.25035,-0.62782,-6.3991,2.2749,1.5576,2.1824,-0.37541,0.10492,6.3826,0.44296,2.2625,-8.5198,-5.289,9.0362,-2.0869,0.78026,-5.4766,2.8607,5.0976,-3.5707,6.0823,7.5538,-6.0078,6.7501,13.028,-4.9891,-0.97373,1.7982,-5.044,-6.5043,-2.2772,0.43865,0.25643,6.1671,1.6902,-3.3912,0.50914,-3.3148,1.3048,0.88221,1.4238,3.5176,3.0047,0.34486,-0.33928,-0.020652,3.2036,4.1539,2.981,-3.5473,5.9795,0.25241,-0.085878,3.4974,-6.3992,-5.1744,3.9677,5.7116,-4.5589,-6.4154,2.5565,4.7644,1.1364,-1.85,4.5576,-2.0353,4.6482,6.1898,-2.8949,1.6561,14.189,-0.19103,-2.4905,5.2307,-0.44971,2.6184,2.0091,7.8729,2.6199,-1.7182,7.4184,3.9749,-9.2498,-1.984,0.10792,-1.703,-0.81598,6.5713,-2.8649,7.9092,0.54719,-0.457,-5.7012,6.706,1.2816,-2.656,-4.3749,-0.33805,-2.2819,-3.3068,-0.72245,-9.5849,0.85446,-7.3494,0.32715,-0.12132,1.933,9.1999,-5.9156,6.448,1.397,8.0807,-4.9675,-1.0254,-1.3052,-7.1708,8.5897,4.5633,-4.339,-5.5667,2.3913,2.2172,-1.4523,3.4471,1.1175,-1.9135,-0.60054,1.241,3.336,-2.3099,-4.6487,-8.1173,-3.0074,-8.0318,-2.9874,-5.6115,6.9331,-0.17378,-4.537,-0.038982,-0.97197,-1.1057,-6.1901,-8.3919,3.5976,-0.30128,-5.7445,-2.0824,-6.2137,-3.8042,5.4395,-7.09,-3.436,5.537,1.2163,0.47606,-1.9692,-4.3021,0.55018,3.2735,-1.8125,2.5098,-4.6989,3.6024,0.35839,1.5727,-1.5312,-1.0853,-1.7995,-0.89664,2.6325,0.044297,-2.959,3.6664,-7.2522,7.0565,9.6728,-5.6268,-7.5611,-1.6823,1.5455,6.5751,-0.97915,1.2909,10.697,-3.5936,-6.5206,-1.3429,-10.457,-3.179,-4.4977,-0.51221,1.6146
-1.5626,-3.1108,-2.7734,0.42158,-3.2198,-0.33775,7.3697,-3.2069,-0.41991,1.9487,3.2274,0.436,1.2313,-3.2825,3.7455,-3.0651,-2.3735,-1.3411,-3.7647,-4.5967,8.0463,-3.7169,1.0008,3.9945,0.055048,2.0965,-0.99315,2.2116,-1.4558,-8.7202,0.29926,-2.1911,-2.7907,5.484,1.4157,-6.7301,9.3144,1.3916,3.4657,1.0752,0.26058,2.4588,1.065,2.2374,4.4172,5.6058,-0.39132,9.4076,-11.54,6.3762,5.1133,5.2915,7.1672,-1.6256,-2.2148,-1.0975,-0.74154,8.2716,-0.033845,0.054645,3.2178,2.9969,-4.2794,-0.15,-1.6265,-4.2756,-0.083541,5.3408,-4.2559,0.026513,8.8504,4.6139,0.59545,-1.1815,-0.25736,0.56797,-5.6567,2.59,1.7127,-1.3926,-2.2674,2.4515,-1.8135,0.82384,3.4727,-7.1322,-1.3196,0.79966,1.7213,3.0547,4.9796,1.4055,-5.4778,6.0396,1.9386,2.7684,-2.7992,1.622,-0.00020653,2.6734,1.9195,-1.194,2.9358,2.7076,-3.3172,-4.4301,2.5473,12.287,-0.38404,-3.8004,-2.7411,0.77951,-1.7331,0.14393,-5.4661,-5.8445,4.0485,-5.2872,-2.0977,-2.4292,-3.9293,0.81347,-8.6725,2.8639,0.78248,-6.2981,-2.3914,-1.3523,-1.5677,0.54857,3.1367,-0.92113,-2.0524,-6.6091,-6.6738,0.85411,-4.6034,1.8754,0.38814,-2.6159,4.1281,-6.2005,1.3307,7.3167,-0.87502,-0.82885,-5.3569,0.26603,-10.351,-0.59375,3.5852,1.473,2.1508,-1.8339,-6.0306,-0.11123,4.0578,4.217,-5.252,-2.3687,2.3039,-3.0904,0.16223,3.044,1.7723,-1.0844,6.2065,2.6672,-1.9499,-2.1623,0.10597,-3.8235,-6.9273,-2.4939,7.014,-1.1162,-2.2003,3.8445,-6.3363,-3.0918,1.6101,-0.24546,5.2358,-1.0473,4.4734,-0.44499,-1.409,-3.3209,-1.1077,-1.5052,-3.4797,9.8952,1.2196,3.4514,-3.2013,-2.5817,0.1635,2.0578,-0.42397,-2.0078,5.2609,-0.60042,-1.7298,6.6384,1.0839,-4.5878,3.1265,1.0698,2.1072,5.5388,7.0115,3.0627,-1.2139,5.8189,-1.6642,-0.14633,3.4905,1.4161,-5.1294,9.1542,13.65,4.7741,-6.1609,0.13426,-4.0366,-2.2269,-3.0549,8.7247,-6.6475,-6.247,-3.5689,-4.67,-9.9596,3.0638,3.7575,-2.2263,-5.0544,-2.6361,-1.6042,5.2201,1.5929,-6.1235,-7.6221,-4.3638,1.245,-4.021,4.3285,6.7114,-13.284,0.72818,5.3555,9.7468,4.3964,-2.247,-6.1991,-0.72705
0.33192,1.4132,3.0926,3.059,4.5477,-0.33173,0.86834,-0.88823,-0.20458,-2.81,-2.9036,5.2412,3.8867,1.3097,-5.0476,-5.7038,-1.2326,-5.8762,1.2413,10.622,3.4547,-0.99309,-0.74156,2.8712,0.68532,-2.5767,5.1361,-2.9155,-2.0747,1.0122,-7.6958,-1.8848,1.8849,-0.22151,0.67311,2.4999,3.7352,-4.7463,-5.0637,5.8321,-7.8416,-8.2895,2.2678,-0.33367,-5.6812,-7.2917,2.8169,-3.8424,5.1607,-2.1829,1.5302,-6.5378,8.9097,0.49086,-4.1698,1.1874,3.7404,-7.2322,-3.0213,4.4915,-3.0709,2.5409,-4.4756,0.76089,-3.1845,-4.4943,-5.183,3.6613,-0.55817,10.115,1.7098,1.6178,5.0465,-6.0845,-3.5238,-4.8709,1.9862,-7.148,-0.86436,3.9999,3.6142,-3.8783,2.4399,-9.973,-5.2895,2.8404,-10.782,-3.6295,5.1079,3.6795,-6.3924,3.9959,1.3018,3.3357,-5.4873,4.1063,3.6275,0.37968,-5.1756,7.0147,-7.693,-8.2673,-0.10161,2.0212,4.0824,2.1818,4.9147,-4.1844,3.8927,0.22252,-8.578,-8.0604,6.7023,3.1363,-1.9784,3.6122,4.2589,-2.2265,-6.7285,4.5233,4.2077,-0.032549,-0.40284,3.4387,1.216,-0.74715,6.2829,-3.1646,6.1195,-0.67442,4.3408,-3.1933,6.9836,-2.628,1.8137,-3.3452,4.812,-8.152,-1.6778,1.6911,-4.7434,-5.2933,1.6545,2.0848,1.121,-4.071,4.5357,-2.006,-0.892,3.1936,0.23923,-3.628,13.623,-1.4358,-3.0051,-0.76741,9.1056,6.1057,-5.9109,8.8277,0.82154,-5.5627,8.3596,-0.49665,-4.041,2.9231,3.7216,-0.31866,1.7058,4.6035,2.7669,-3.4404,14.707,-0.3624,-0.21249,-1.9797,0.064592,-2.4757,0.52051,11.824,-0.36454,-7.0402,7.5148,1.5263,-5.2988,2.079,0.068837,0.78743,-3.6269,5.3781,-0.73754,-1.3721,3.486,-3.5381,-7.8383,-1.5715,6.5155,-0.50671,-0.82231,3.7464,8.6434,-6.4791,5.3623,-2.376,-3.2152,2.099,4.2062,0.0058164,-6.5293,2.3891,-0.33152,2.0642,5.3883,-0.061191,-0.536,4.4506,6.1545,-0.8722,-2.3351,7.1246,6.8107,-9.474,0.34488,-5.9798,1.3985,4.9019,-2.4615,2.0758,0.32633,4.7395,-6.4826,1.0207,2.3399,-0.8779,-6.4559,-4.5695,6.4578,-0.90978,-1.7264,8.2898,2.0111,-4.9439,1.4011,-2.109,-2.0457,1.2302,6.267,-5.3293,-2.1341,-1.3344,-2.6594,0.66769,14.722,9.6652,-5.8578,1.7037
1.7232,1.7748,-6.8261,-2.2702,1.8835,-4.5296,3.7589,0.24372,-5.9934,4.5613,9.1782,-2.0243,-3.6396,-4.5471,2.998,-1.7179,-1.5294,5.4775,-4.2579,5.0266,5.7758,0.75269,-7.7364,-2.0302,-1.854,-6.8932,-0.56716,10.783,2.5782,0.0012456,2.1407,1.239,-0.21121,-6.8528,7.2441,0.90149,-7.079,1.2405,-0.39433,-0.81076,3.1831,-1.1442,3.693,0.2935,0.43986,-2.5914,1.5192,-2.5486,-0.88334,1.8248,12.483,-0.20438,0.49954,-2.1824,1.7797,0.61513,-2.3087,2.2298,-13.933,-1.1804,-4.7296,1.3533,-0.67023,3.6096,2.228,1.5529,2.4786,8.7363,-3.9242,-3.5442,3.42,2.7614,-0.46587,-6.6649,2.5487,-8.3792,-2.8358,6.3541,0.28854,-7.6392,-1.345,-5.3473,-6.3969,2.1808,-2.2156,-0.16374,1.7258,-5.8054,-1.8288,6.3182,5.1127,-0.96734,-4.3165,6.0213,6.2112,-1.037,0.59395,1.9292,1.822,-6.1557,3.3016,-0.51399,-0.48781,0.30543,-4.0877,1.5887,3.0444,1.3179,-0.69734,0.34038,8.9962,1.0985,-4.6284,5.9644,1.6802,0.18363,-0.67781,9.6469,3.2433,-0.93406,2.7152,-1.0163,2.3905,-3.5323,3.7446,1.9193,-2.8042,3.5838,-0.7911,0.28283,10.842,0.83859,-8.4675,1.9464,1.0111,0.78499,-7.0621,3.7746,2.1861,-0.49939,1.522,-0.49081,0.42006,8.354,8.7388,3.301,5.1878,-1.1283,-2.7762,3.4661,-0.31492,-1.3501,-2.0528,3.0002,8.111,-6.2976,-0.98139,2.7707,0.17573,-2.8332,-1.2696,-0.68424,3.1113,1.2646,1.7461,-5.5718,-7.1722,1.1974,-3.661,4.0021,-3.733,-0.83005,-9.8983,2.0482,6.5061,-2.2662,-8.8957,-0.89036,-3.0597,1.4221,11.762,1.579,-0.70991,1.3268,0.37833,0.99806,4.505,0.53338,-6.8934,-0.72008,1.1635,0.053271,-8.2763,6.4554,3.0366,5.4798,-3.5781,4.9372,2.4371,-7.3089,1.291,-0.63246,1.1906,-2.2886,6.136,-5.9035,-4.8888,-3.1895,-6.5656,-5.5785,-4.9291,2.4856,-0.59608,-0.83066,0.94648,-2.8762,-4.5905,9.8217,-1.1345,-5.5713,1.2264,6.8765,-5.3406,-8.2403,3.6896,-7.699,0.52313,1.2031,0.90943,-2.8017,4.8451,-3.8807,-3.1507,5.5353,4.8575,-2.0995,3.6792,12.186,-1.8979,-11.056,-11.795,0.95513,-1.7185,-1.4216,-4.0816,-2.8191,3.0662,-0.26237,2.512,-6.7694,3.1124,-1.5701,-0.74987,6.7494,4.243,1.7775
6.0889,-0.36365,-2.4018,-2.1642,-2.5719,2.1969,0.47093,3.9744,-5.6631,-1.2314,5.2133,-2.1533,-5.7079,1.2206,5.3613,0.10994,2.6503,0.9697,-2.9278,-6.54,1.8146,0.9302,-1.6137,4.3916,2.0147,-2.8052,-0.21041,-2.8424,-3.3602,-1.3921,4.1618,5.521,-6.6386,7.5855,1.8295,1.0604,-5.311,-0.6809,2.4233,1.9812,-5.2731,2.8253,0.37892,0.8935,-0.15232,-2.1045,0.59443,-2.3253,-8.2261,0.82166,2.6885,3.3603,-8.0055,-2.518,1.6962,-4.7937,-0.24738,13.357,-2.8271,-0.98637,6.8638,0.45853,-0.28872,3.1008,7.5916,1.9138,-2.4706,-2.202,7.7089,-5.4583,6.9685,-5.0617,-7.4841,6.4952,3.9404,-2.0323,-5.7953,1.6549,-3.3364,-1.5313,0.67749,5.4794,0.28536,12.476,1.9352,-4.0911,-0.23859,-2.0908,0.93018,-6.0103,-3.5543,-5.971,5.0144,1.6515,-1.4696,-0.83816,-1.8763,-0.57872,9.1285,-4.9909,-4.6457,-0.96319,3.2469,-3.312,-1.1299,4.948,4.6151,4.248,8.9411,5.2738,6.238,-0.64543,-4.6839,6.0087,7.6333,0.31334,-12.897,-0.66718,-3.5399,-12.932,1.9179,4.5569,0.54448,-2.205,-0.074206,9.7256,2.3883,3.7639,-4.2907,-2.0551,13.919,-1.5144,-9.0658,1.6292,9.681,-3.6311,-1.8346,-0.47859,-0.63894,-3.4101,5.236,0.13982,-4.1766,0.91982,-0.57963,1.3513,7.5159,-4.2587,-4.9754,0.38887,6.3968,-2.4176,-5.2983,2.8187,2.7972,0.15437,1.1045,10.326,-0.18442,0.35848,0.98027,-0.58117,-7.3215,-6.5269,-4.2221,-6.8853,0.90535,-0.75438,-1.6679,0.5514,0.70343,-0.93366,1.8957,3.65,6.2067,2.2196,0.43482,6.0479,-2.933,0.41656,-1.293,0.76231,-3.1934,-4.3871,7.1579,4.2132,-2.8712,-3.0583,-5.78,3.2796,-4.2783,2.3605,-1.9141,6.0005,-1.3186,-5.27,3.2729,0.85298,-1.488,-3.2331,7.6635,2.8209,-3.4359,4.4703,-2.2101,0.17845,4.2764,0.08148,-13.251,0.49316,1.4056,1.2685,1.0122,-1.6122,1.6419,-3.3239,-3.2891,2.3467,-2.5559,-5.0182,-3.9186,-3.6827,-1.8132,2.9048,-3.9663,-0.14719,-1.9256,4.0861,-1.5913,-12.563,13.222,-0.72149,0.61072,-2.3609,0.25354,4.684,-4.0417,-4.178,-2.2503,1.3645,0.51496,5.6708,1.8132,-4.7292,-3.8113,-1.7955,-0.36726,12.073,0.72927,0.051275,4.4143,-6.2067,-8.3002,4.5244,-0.79218,-7.5909
-6.409,-1.1074,-1.8319,1.7634,-9.2861,2.9698,5.679,-3.5867,7.3156,-0.64443,-6.2573,0.32987,6.7794,-4.4821,0.83476,-0.61101,0.37452,-1.3596,-2.492,1.6091,-4.8236,-4.6252,0.89295,1.7562,5.716,0.60471,-0.242,1.6357,-1.8541,0.88926,-4.8676,-1.457,3.8269,-0.092943,-3.5389,-0.041189,1.9403,-7.4245,4.6343,5.2083,-4.7523,-1.5929,8.0627,-5.0372,7.1733,7.5565,-6.4728,1.2534,-0.48073,-0.13946,-3.4316,2.1248,9.5046,-1.8861,-6.0722,-1.6854,5.9563,3.7961,-5.2326,-2.4012,-2.4212,-5.2919,2.089,-3.5577,4.3134,8.9109,-0.31499,-2.7128,3.2292,1.2722,-5.5181,7.0005,3.7789,-7.3489,-4.1465,7.2054,11.372,-4.8462,-2.9997,4.6571,-0.59355,-4.5221,-3.9059,0.51387,3.2828,1.8592,-12.659,-9.474,7.7972,-5.8844,-2.6745,6.2544,-2.2569,8.586,4.1824,-1.7986,1.7231,-4.269,-3.4415,0.84433,-3.31,2.9494,2.061,0.29619,7.91,9.1731,2.5926,3.2098,1.6479,-5.3063,-1.5916,3.879,12.116,2.0532,-3.1173,-1.7939,1.5302,-2.3285,3.1093,-3.0687,0.049185,-1.6716,2.096,-2.1658,-1.31,-3.6349,4.5117,-5.3818,3.7543,1.4428,-6.6258,1.665,-3.3781,2.9504,-5.1532,4.1629,5.2014,0.912,-2.153,1.1004,0.0026171,-6.9672,0.66627,1.1481,3.4214,0.9544,0.55483,-1.2842,8.7224,-1.132,-3.2281,3.5118,4.078,-0.52216,3.2927,5.0452,-2.8174,-6.3744,5.8739,4.8452,-1.6153,3.4566,1.2672,7.1499,1.7341,0.2163,0.062177,4.4898,0.81296,-1.9665,-3.8046,-0.45634,0.18976,0.048849,4.5485,8.0906,2.4302,-3.4447,4.5016,6.8286,-0.7571,-3.5501,5.1988,0.6122,-3.6005,2.7405,0.66139,-2.8878,3.3546,-0.48992,-4.7324,4.5104,4.7131,-6.1753,-7.9774,8.2368,-0.87611,-4.1934,0.031352,6.5537,-11.506,2.5204,2.6967,1.9294,-4.3581,5.9763,4.6463,-3.5324,-1.808,7.2367,-4.2181,4.6844,-0.0035253,-4.9702,-7.9517,6.9872,4.7476,-12.139,1.9102,4.1229,4.3849,-1.4824,4.6385,2.8384,-7.2137,-1.0849,3.0931,0.12343,6.7199,1.2127,-7.843,1.5867,0.52337,-1.8038,-2.6789,1.6691,1.2573,-1.3319,-1.319,3.2435,-7.1417,-6.4166,0.40762,-3.1995,1.3015,-1.9166,5.9799,-6.0473,6.6672,1.4072,-2.3985,1.9159,9.2002,-4.7247,-6.1765,6.734
3.2368,11.194,0.72274,2.4203,0.42282,-4.9448,4.2193,-1.7046,-6.9787,2.1721,0.62308,-6.9929,-1.8685,9.1039,0.37383,-3.6301,1.5594,-1.9123,-15.061,-4.7987,-0.77997,4.4825,9.5614,0.7539,1.1867,-3.0434,1.6183,3.0838,-3.8887,1.8492,3.9639,-1.5969,-1.9043,-6.0155,0.9184,-2.6946,7.8141,-2.5288,-4.1589,-3.9356,-6.4006,4.3065,5.0625,10.103,7.6481,2.8226,-9.4584,-6.1747,-0.83172,1.4513,1.3818,-3.1744,-3.1626,1.9107,2.4014,-1.4892,5.3073,4.1091,1.7912,3.1929,3.1776,0.22098,-3.0748,4.2624,2.631,0.30943,-4.1684,1.3747,-4.0705,5.9138,1.6629,-1.7804,-0.18726,8.3211,-1.2845,-9.8253,1.779,5.771,-5.8332,-5.343,-0.77807,0.52109,3.7474,8.4667,-11.327,-0.39994,1.6323,-2.8319,2.201,-8.5079,-3.8349,3.2014,3.2224,2.9013,0.61866,-7.5756,1.2486,-0.058008,-6.7901,-6.0409,7.5657,-0.89089,1.0912,0.16416,-3.6519,-3.3092,0.41015,1.5672,-0.82032,0.55229,-1.3997,1.945,-1.809,2.4188,-0.10855,-1.1524,1.236,2.1268,-5.7366,-1.3771,7.5629,-6.6873,-3.5754,-1.774,2.9394,-0.16584,-5.7951,1.5734,-4.1229,4.3084,8.5097,-2.9493,-1.0172,-4.1935,-4.5182,-1.0985,9.144,4.1721,-2.423,-4.022,6.5677,-2.1378,-0.19299,2.5561,2.5203,-1.1427,4.8125,2.3999,-0.15219,3.5007,2.9087,3.1504,-1.027,7.1249,-2.5209,-0.29332,-0.15305,1.2313,0.43041,-4.8136,-0.43434,-5.3145,-7.26,-0.018372,5.5971,-4.074,3.5406,-4.078,-0.1458,3.6126,-1.6658,-1.1343,2.2822,-0.59319,-5.8845,-3.1754,7.0409,0.4788,-10.461,1.8695,2.7312,-0.5422,1.4085,0.50979,5.5926,0.45595,6.0253,-5.5342,-1.2641,-3.5089,-4.0662,-6.3219,-3.208,8.5792,4.3116,-0.33417,5.9353,5.0563,-0.95825,5.3418,6.9388,-3.6077,3.6165,0.9068,7.8289,-1.0975,5.0205,1.3277,3.9102,-0.42004,-1.7169,3.8489,0.70259,6.6103,-3.4924,2.9721,-2.7077,-3.3605,7.3081,6.7383,3.6164,0.36533,7.3843,-1.456,-5.3061,8.9364,5.8786,2.0137,-7.6241,1.3016,2.9771,0.88776,-1.2406,-2.9751,-1.642,-0.69875,14.257,2.2893,-3.6591,-1.0457,4.2956,-0.3979,-1.4509,3.653,-3.6109,-10.646,2.7168,-0.098989,7.3954,-0.048253,-0.48226,-4.7067,3.8906,2.2164,-1.8689,-4.7695
-3.439,2.2105,-4.2722,0.050152,-2.3425,7.9684,-6.2926,-0.99467,1.5485,6.8629,-1.1274,-6.2318,3.1644,-6.9846,-3.9338,1.2734,0.48427,1.7413,-3.6377,1.9291,-3.9283,5.9873,1.3146,6.0402,0.019881,3.5845,-0.26057,0.11166,-1.8736,6.7856,-11.494,-7.2277,0.15467,-2.1608,5.4649,4.9532,-4.0789,3.0848,4.0099,1.3689,-1.7856,-5.601,1.5849,4.7181,3.5985,4.6778,-2.0925,-1.2306,5.7882,-6.5786,-2.0799,-0.52193,3.3485,1.7604,-2.0763,-1.8442,3.3856,-5.2855,-5.327,2.8579,-2.6847,-0.054419,-1.9204,-0.88428,-3.4665,1.6632,1.7954,-5.5407,-2.6163,4.8893,-0.40735,0.27732,9.1956,6.3782,-4.9567,-3.6904,2.1853,-6.682,-2.7009,-0.46275,2.8977,-1.189,-9.086,-0.21519,0.10987,7.1276,3.3884,-2.3263,0.59372,-0.2202,-6.4697,-8.1017,2.8156,6.6412,2.3409,5.6453,-1.1037,-1.5818,-0.48611,4.9165,3.0596,3.0966,6.6854,0.4185,-1.394,-0.72189,-3.0878,-2.2067,7.4292,8.4925,3.1668,-7.0731,6.4153,10.345,-2.8751,-4.8939,5.0649,-1.6679,-5.7247,0.2062,-0.21373,-7.5301,2.337,1.914,-0.41292,4.644,3.4352,-8.0237,1.367,4.7764,-6.2633,-6.312,3.9898,3.397,-7.3702,1.1661,5.8954,3.809,1.5067,5.0924,6.204,-4.3391,-6.1501,-1.1415,-0.14529,-4.3941,4.4575,-4.08,-1.7889,11.856,-3.8795,-1.7452,-4.619,-6.6374,-5.6487,4.0089,5.691,-0.99628,3.5891,-3.059,1.3863,6.9082,3.9321,1.4007,-3.1232,3.9344,-0.55002,-15.925,1.7411,9.2874,-4.2246,-5.7058,4.6563,7.5205,-4.27,-2.1344,6.1433,3.8272,-6.585,-3.2388,5.7232,2.2803,9.4121,0.45298,0.61239,3.1742,-11.74,-7.0188,4.8727,3.5746,1.8373,3.8337,-1.3505,5.5974,-2.5302,3.9539,-5.4724,-1.2341,-3.1845,-2.0726,-2.7637,2.9046,-2.6337,-5.4888,-10.076,7.9643,1.0478,-3.8435,-1.4702,1.9002,-10.099,-9.7564,4.3841,7.8608,-14.212,-1.3732,-4.6111,-7.7485,5.1145,-0.37252,6.2336,-6.2888,-2.0306,0.44831,2.2315,4.2067,0.82476,-6.3928,0.69484,4.486,-2.0306,-7.8212,3.7156,6.0996,-0.022185,-6.2823,2.0993,4.7656,3.0419,10.938,3.6425,0.93054,7.1168,-0.30852,-0.83972,0.61998,4.3272,1.4982,4.4253,4.4259,-8.0072,5.5307,6.6275,-4.0578,-3.6229,-1.824
3.7031,-3.869,3.9684,-6.5227,-2.3258,4.0912,4.9106,0.57451,-4.1846,2.9169,7.7785,-0.72138,-4.6385,5.8906,-2.1912,1.9952,-3.0807,-2.9291,-4.1473,0.40436,-1.0717,-4.3115,3.1551,-1.2399,-2.1128,-0.54214,9.9643,-4.1825,-7.703,-0.38827,0.88496,-8.4807,7.6107,2.8362,3.043,-0.31173,-3.187,-2.4313,-0.74133,-4.8079,0.21104,2.231,2.8408,-0.92339,-5.7134,8.1311,-5.6439,4.2399,-6.4828,2.5228,-2.7479,-1.0237,6.3809,-0.93679,1.0446,2.0348,5.0699,3.8889,0.40053,-0.73617,-1.6133,-4.2159,5.2257,5.8606,2.468,-0.88767,6.6496,3.0321,0.037918,5.2794,-3.5322,-7.4724,-1.6269,1.1207,1.2165,1.6345,-3.4208,6.3695,3.9158,-0.036378,-1.6846,1.017,-4.9535,3.1338,-5.2649,1.2044,-3.5472,-3.5751,8.0327,-2.2013,-3.8464,-1.0231,5.2696,-3.0319,-6.7171,-4.055,0.68021,4.0104,-0.74506,-1.5643,-4.0426,-3.7215,-1.2932,3.8852,2.3153,4.3107,-2.3825,4.2071,0.98873,2.5019,-3.3874,-8.8616,6.5776,2.6531,5.7627,-0.62651,-6.4346,-3.4989,-3.0141,-6.1077,5.7901,0.27298,-0.0069647,-0.98294,-10.097,1.1893,0.28054,-2.792,-2.8433,1.9944,-4.1606,-6.0035,1.3989,-3.3123,4.6356,-2.2171,5.1021,1.5928,-4.6412,2.8701,-2.293,-0.090569,3.2268,7.147,-2.5558,-7.2005,-0.75291,-4.5962,-0.7427,0.35766,-4.9806,1.6328,2.8261,1.9112,1.7238,1.8919,6.189,6.4514,-5.9689,-2.7713,6.4159,8.5426,5.4094,-0.15306,-2.9122,0.26032,-1.3791,0.95853,4.7201,-2.8794,5.3666,-3.8204,-5.6593,2.8561,2.1924,-7.8758,1.9037,8.3205,-0.97098,4.6819,-13.04,-8.5613,1.5447,5.1213,-6.6991,4.3406,0.19957,-3.196,1.1272,-1.7109,-1.96,-1.9266,1.217,0.95543,0.43444,-2.013,1.0021,2.9397,-4.3497,4.4124,5.1702,-6.4893,4.1572,-2.5162,-5.2832,2.2452,-2.7228,-1.5545,-2.2441,6.1734,1.5397,2.8249,-0.45975,3.0844,2.6917,2.1177,0.69152,0.37935,5.4475,-2.656,3.8122,2.9667,3.0459,0.64208,6.3609,0.20768,9.7786,-4.4097,-1.6765,8.7322,-0.055345,5.3897,-1.2871,1.1071,-1.5405,-5.398,1.3472,1.9402,-1.0855,-3.6504,-3.1991,1.6043,-1.8774,6.7349,0.7487,4.2136,7.1758,4.3802,0.33973,9.2266,2.7428,-2.6741,-1.8911,8.1708,-1.6264,2.4826
5.5486,4.2577,-1.0111,4.2812,-3.3546,5.1366,4.3531,1.0915,0.70413,5.3462,2.7166,-5.0742,1.9503,0.85637,4.4536,-2.7241,0.51605,3.1841,-2.2229,-0.92739,0.36541,1.4069,3.2777,6.3803,-3.9581,-3.6708,3.4978,-1.9953,1.1528,2.2993,1.4068,-0.82716,2.7528,7.272,3.6749,0.82194,3.6424,0.75703,-5.6114,5.0393,1.1447,0.66398,-2.4143,0.36328,-5.0979,0.095202,5.0367,1.4793,-3.6522,2.5439,4.9726,-9.0379,-1.7367,6.7008,4.4878,1.0833,2.6235,-0.96245,-11.378,1.2711,-1.5674,0.75184,-0.087836,7.944,-6.8747,5.6853,4.5146,-7.188,-0.68808,5.6592,7.4984,-5.7901,-3.0616,5.3129,-2.5207,1.7812,1.1145,-4.4226,7.2289,4.4085,8.1987,-0.07602,4.9133,1.0307,-1.8832,0.43706,12.26,-0.51737,1.6832,5.1338,0.57585,-5.1923,4.6857,-1.748,0.70608,2.7465,3.5025,-4.0198,1.6079,-1.2893,1.4472,-0.74428,2.9447,-0.89973,-8.2685,-2.887,-3.4778,-3.8685,-4.0736,-2.5769,4.3967,-7.1411,7.9043,2.8938,2.6713,3.3407,3.5638,3.5314,1.5382,-1.1397,0.74168,-0.1433,-6.5278,4.969,0.1986,-4.3339,-0.92277,-0.77321,-2.1108,7.6069,-1.0316,-6.7249,-1.1813,2.9842,7.9499,-4.1945,6.178,0.39949,-8.8311,-3.0375,0.29551,4.4385,1.7784,-2.0208,-2.0477,-1.7832,0.56732,-1.7458,-5.9686,1.8774,3.6092,-3.9738,-3.4099,-3.4485,1.5903,-3.4156,1.9443,1.7973,-1.3979,2.4145,3.9226,-2.5818,3.6616,3.0726,5.6722,4.043,-0.90804,3.1027,3.0446,-4.0374,3.4188,-1.2524,4.6094,-2.2583,-7.4144,-11.477,6.8961,1.724,2.497,1.2214,5.19,-0.72664,-4.9767,4.7196,-0.79222,1.5572,3.0593,-4.5574,-4.3228,7.7648,3.5352,-2.8067,2.2891,2.2058,-1.8925,0.80211,4.5903,2.8902,2.4376,7.1637,3.2349,-0.075881,2.681,6.7964,-4.1299,-6.8411,6.1257,-3.1908,-8.6382,7.3069,-1.5725,-9.7719,2.2831,-2.0491,4.0267,-1.4831,3.3598,-0.16775,-0.25026,1.9096,5.0997,-6.1896,7.9105,-0.94022,1.1454,-2.1088,3.1969,0.032315,-2.3787,1.0269,8.9449,-0.87427,-2.666,-1.2685,6.7198,0.0010464,3.9344,0.80011,-4.2654,-1.786,-3.6942,-5.1461,3.2038,6.3716,0.17971,-2.6452,-1.765,-0.48484,-4.9123,-2.9553,0.26238,-2.0507,-4.4406,4.8311,5.0622,-1.5242
-2.2363,1.8207,-2.3609,2.125,1.8736,-0.18967,-6.0785,-4.4514,1.1461,-4.298,-5.3785,-3.0974,-1.2576,-4.6512,8.1427,0.094575,-2.1455,3.7503,0.74302,-2.7693,0.78301,3.8356,-5.2361,0.86806,5.0752,2.2556,-14.422,2.1766,-4.5883,0.19457,-8.6388,4.9183,1.6225,-4.34,4.5148,1.3183,4.8635,5.3039,-4.3479,-5.9879,2.4679,-1.3742,-2.0003,-4.3273,-2.0197,-2.2367,-8.3647,-1.4867,1.1578,2.7275,-6.2104,1.4544,-1.2141,2.5981,3.8583,-7.0825,1.4635,1.1218,1.7833,-6.9466,-2.8777,2.906,8.2293,-0.65599,9.3586,0.93918,7.1333,0.032622,11.306,0.11976,4.5446,9.1782,-3.2369,3.6112,4.7768,4.9216,-4.4896,3.6616,-2.8599,3.9844,-11.397,9.7608,1.0995,-2.9434,9.3395,4.0647,5.912,0.064641,3.9535,4.502,-0.53365,0.95991,-4.5222,4.017,0.32765,3.6443,-5.7734,2.8816,4.2782,7.8799,6.2319,1.2622,1.0819,-4.7937,-2.215,12.724,-5.7391,0.39511,1.3341,-0.36923,2.3614,3.8649,-6.6058,0.30212,2.7163,-3.2424,5.9635,1.5109,-1.0192,-0.75337,3.0245,-0.34152,5.2952,-2.4253,5.2094,4.7224,-4.1117,-5.3297,11.269,0.57162,-3.2085,8.0681,-0.33007,-4.777,1.2967,-2.4647,-3.8666,1.3881,0.075262,-5.739,-6.7182,-1.7515,-1.1713,-1.1572,7.1255,6.8593,-5.916,-0.79279,-1.4475,-1.7701,3.4531,2.3103,4.2603,10.376,-5.3647,-2.3918,-5.7008,-1.3192,4.6249,1.7728,0.79114,-0.29774,-0.94951,-2.5276,0.67601,0.58121,-0.66325,-1.8551,1.9904,-4.4029,0.64762,-1.3591,-3.3724,4.2474,3.8116,-7.6638,8.4327,-0.80222,6.0838,-2.8801,-7.0764,7.1993,2.2628,-7.1723,-0.72842,3.9303,-8.3789,-8.5225,4.145,1.7698,-2.0695,-4.3339,0.76546,0.49837,4.1062,2.5137,0.083953,5.4056,5.9877,-2.2046,-6.3803,13.471,-11.986,2.5684,5.692,1.2273,3.8678,-4.6649,8.428,-2.4239,-5.3496,1.2209,1.2595,-6.4039,4.8938,2.801,-5.6235,3.9873,4.6056,-14.42,-3.0317,-1.6011,-7.3295,-9.1701,-0.4547,3.5478,-7.247,0.56052,4.8419,-0.056062,-0.185,9.8557,0.39444,-0.75668,3.3486,-3.2474,-5.5252,1.4479,5.0742,-0.74971,-5.8965,3.9447,7.2557,-3.2496,0.72799,6.2751,-0.10857,-1.5319,7.616,-0.76014,1.4093,4.804,2.9906,1.9592,-5.4412,2.5432
6.1038,-2.3403,1.8557,6.7504,-8.8122,1.1917,1.446,2.8515,-1.5347,3.1867,-3.4779,3.4149,1.7194,4.1188,-6.2677,2.7052,5.7948,-0.47436,1.7383,1.5369,2.8656,-2.2015,0.063807,4.5599,-5.9472,-6.6797,3.7744,5.2975,-4.0316,1.0085,3.8071,1.098,2.0346,-3.9686,-3.4657,1.8432,1.1249,-0.6213,1.2939,-4.4181,8.833,-1.9773,-0.022082,-4.129,4.4704,1.5482,-7.5106,3.4045,-1.9833,2.7718,6.4899,4.0486,0.62322,8.5454,6.0663,-1.2385,0.18914,4.1286,-11.183,5.4151,12.608,-4.2483,0.37135,5.2828,5.3263,-0.38929,6.6171,-1.7271,-4.5213,-15.701,4.3115,0.088476,-5.3267,-0.056484,-10.496,-5.4958,5.1432,0.22201,-2.7315,1.2746,4.3521,-2.644,-1.7266,0.35238,0.39408,0.21858,-0.19104,2.6668,-3.4938,0.58018,6.1215,5.6058,-3.7487,4.2992,-0.65943,2.1876,9.2845,4.9767,1.0923,1.5068,0.78022,0.56135,-5.1116,0.52124,2.0345,2.3875,-2.3673,-1.0213,-6.0169,0.49577,0.21361,-6.7281,7.8842,-10.947,-4.3593,7.0873,-1.2339,-5.4259,-7.8751,-5.6036,-1.6662,-5.6265,-7.2806,4.1841,10.084,-6.7075,3.2067,-1.8784,1.8346,1.0319,-3.7048,1.1236,-7.0218,1.3015,0.020467,9.5919,1.9876,-0.52918,3.4209,-0.15878,-2.9823,1.1553,-3.8801,6.0729,-8.2496,-0.35352,-1.3728,5.7068,-4.4351,-3.4278,-5.0402,-3.4775,5.5892,3.124,-0.75006,1.215,-1.8806,5.7591,9.438,1.646,4.5939,-0.77149,-2.5109,8.2782,3.0102,0.028722,0.67061,-1.8698,3.1689,-6.1808,-1.2184,-2.8018,-1.7659,-1.7754,1.9795,0.34662,1.6716,1.6861,-8.4093,-4.122,9.8004,-2.3932,-3.4842,6.4921,1.3918,-6.6028,4.3183,0.88967,-1.1248,-1.2562,3.3136,-0.79235,-0.42402,2.664,-4.648,6.5843,-0.46238,2.9942,-2.5099,-3.3588,8.1509,-3.0144,-4.5042,10.17,-2.0358,-1.7408,4.8836,10.312,2.5736,-1.1722,3.4897,1.0222,1.4521,-1.5567,7.8382,-4.6174,-1.4229,-2.6607,-4.1654,6.1984,3.713,-3.4659,4.6739,6.9847,4.5921,-0.67983,2.8622,-4.3155,8.3487,2.0672,-3.442,-3.6141,5.4664,-0.47674,-0.59556,-5.3879,2.4453,3.3418,0.89617,0.5935,1.7782,-8.0035,10.424,9.1997,4.7771,-5.6643,5.9021,-0.34616,-3.133,-1.8665,5.9944,4.6537,1.4622,-3.4609,-3.4606,-0.11443
6.0423,1.6514,4.5701,-0.80993,6.7047,4.8922,-0.40855,-1.9919,-1.3636,0.74822,-8.5535,7.0281,0.9132,-2.3988,-1.7241,0.79034,0.29104,3.0395,0.59931,-1.2614,-0.59201,4.6743,1.0797,2.6057,-0.97737,-0.023305,-4.0144,3.153,1.2937,1.4218,-5.0801,7.2371,6.25,-7.1393,4.258,4.5894,-2.9122,-3.4832,2.4913,-0.94359,9.1301,-0.41304,1.5363,-0.56948,1.5324,0.35734,-5.3492,0.0051328,2.1639,1.4319,-6.3419,-2.1328,7.191,-5.7283,-6.1892,4.032,-0.91445,1.6474,-0.50558,7.5912,-4.4707,8.5497,4.4089,-5.2776,-8.7092,-0.68922,-2.3583,1.0903,-1.5082,5.7116,-1.7854,6.4294,7.3277,-5.4103,-0.45082,1.706,-0.10076,3.4956,2.0958,-5.971,0.58769,-0.92838,2.538,0.52592,2.3793,-1.0053,-1.2373,-4.5329,7.842,2.7412,-4.8712,2.341,3.266,-0.13816,-9.5846,2.1284,6.7309,-5.615,1.3103,-0.87495,-1.8935,-0.059133,2.2014,-3.7407,3.0475,3.96,-4.2161,-0.52347,4.0298,0.68628,-5.129,10.07,3.4944,-3.379,6.1046,-1.4749,-1.2288,-3.8712,-8.4184,3.5494,4.9016,-0.53491,0.13056,-3.1662,-4.2354,0.20379,-2.6597,0.85877,6.8061,-4.3929,-1.6751,5.3096,6.8018,-1.8575,1.7413,7.3889,-8.8026,-10.604,0.61545,1.8877,0.60666,11.207,-1.3792,2.9325,2.6137,6.9543,-1.916,1.7036,2.241,5.5563,1.6231,2.7765,-6.1447,-3.0379,0.093118,-6.3071,10.684,-3.7738,0.91754,10.711,-4.7765,-4.542,-3.8592,-12.968,1.3875,1.7778,-4.8721,0.5946,1.6835,-6.4449,0.38481,1.3084,-0.86766,-1.7742,8.2174,3.8032,-2.8288,4.276,1.8635,-1.2168,4.6463,0.72142,-0.99964,-5.263,-3.0392,5.8929,-3.7673,-1.2571,-1.461,6.5337,-8.1447,7.975,0.60398,1.4026,-6.452,4.306,-4.0353,-4.8384,2.148,0.56127,5.3906,4.8167,-2.819,-3.6198,-3.6764,-2.0065,1.2243,-8.4849,8.9272,0.28969,0.91831,7.4538,3.1583,6.1988,-11.858,-2.1776,0.048944,5.3644,1.072,-0.88756,4.5765,6.7878,-5.4059,2.4629,8.0606,2.4012,-1,-7.2254,5.5273,3.3215,-4.9824,5.109,1.7823,-10.777,-2.3761,-1.4957,-1.5364,4.2914,-1.4233,0.013125,4.173,3.2304,-3.6157,2.6825,-2.8922,5.4671,-2.772,0.016414,11.308,-2.1804,-3.4285,1.7551,10.002,2.4628,5.0803,-2.4451
0.13224,-4.0331,-10.526,-0.33374,-3.0577,-8.5746,-5.6607,2.3344,1.5467,2.3782,-4.6834,4.0791,-3.2785,6.4976,4.381,6.5486,3.2938,-0.073018,0.83509,6.5988,1.4929,-2.9609,-1.1164,2.3723,-0.77687,-3.5046,-1.018,3.5452,6.2445,-5.7767,1.2622,0.00099098,-3.6015,-2.4194,-0.21154,-9.9526,-1.5436,0.67795,5.5708,9.5676,-4.5117,-3.0986,-7.8556,2.333,4.4518,1.44,3.6587,2.3048,1.0656,-7.2837,6.2644,-1.3277,-2.6491,-1.1831,3.4011,0.83114,2.3547,0.59014,-7.8546,2.0295,-3.3361,-4.2818,4.231,-1.9174,7.3959,2.6652,-5.3531,0.91987,-1.7446,-5.7879,5.7444,0.71085,-0.082026,-10.886,-5.7905,-3.6241,-1.4065,-2.2749,4.4742,1.0608,1.8146,5.1746,-3.2582,1.2274,-0.079763,0.27289,3.8812,-3.6809,1.0024,-4.243,1.788,5.8197,0.30131,-3.7006,-0.042607,-1.317,-5.774,3.8676,-2.1625,-4.2968,5.8941,0.51816,-7.2308,2.6906,-0.63092,-0.22332,-4.1264,-0.20724,-0.9838,-1.3173,-0.53265,4.5157,-2.2942,-4.2609,3.231,-4.9804,7.8953,6.7047,5.2476,0.63466,2.5343,3.2012,-6.2059,2.0157,7.3408,-1.8199,-1.0972,-1.8459,3.2873,-9.3209,6.6179,6.4191,-1.4389,-5.5007,0.71424,3.0466,-0.83152,7.6338,-6.3441,-7.2704,7.7692,5.1753,-1.8344,5.0577,5.0211,-3.2876,-5.135,0.97568,3.046,-2.5447,7.5259,4.9001,-1.6393,-3.6806,5.6838,-2.5855,-0.42807,-3.202,4.1311,3.0331,-4.9377,0.12243,-1.0877,3.1161,-0.9311,-1.3931,-7.7817,6.9822,1.7078,-5.2152,-0.83913,9.917,0.38162,-9.5466,0.19585,4.9095,1.0803,3.1701,-2.0522,0.46409,2.5943,5.3406,-3.0513,0.8166,0.74874,-3.4582,-4.7275,12.574,-2.1948,-1.4326,-1.1738,7.173,-0.62859,-5.2346,2.4252,-0.33865,-4.6434,2.2619,-2.8786,-3.6582,-5.6269,7.5843,-2.6834,-3.046,2.2368,-2.3198,2.388,3.2033,4.8692,6.0912,5.1996,0.81506,0.99716,2.9226,0.17087,3.5584,1.8644,3.5417,-1.0366,7.8271,4.4279,2.2569,-0.85116,1.1459,2.7077,-3.239,-3.1713,3.4514,1.6801,0.3904,-3.0472,2.6666,3.6255,-1.9175,-0.71116,2.9181,3.0567,1.7929,-1.5991,2.6804,3.8739,-0.50233,-0.086775,-0.43462,2.4617,-5.5297,-2.6342,-0.16291,1.5101,1.8012,-2.9397,-0.4282,2.3104,-4.3857,8.8974,-3.5744
-4.594,-1.1545,0.14998,-6.9677,7.695,-2.4458,7.1441,-2.0314,1.678,4.8227,-4.9902,7.3715,0.69352,-6.0795,0.32887,2.472,6.285,-0.66312,3.0001,-3.7827,-1.9415,-5.4436,7.499,-1.9759,4.6493,-2.335,-2.0921,-3.8488,-2.6781,-7.5551,-2.7374,2.7808,-0.17212,-1.3978,1.8235,4.1487,-3.2917,5.9097,5.7736,0.87502,-0.81299,-2.2907,6.8651,-2.7514,-4.1132,-4.2123,0.35853,3.7053,0.75713,-5.4564,2.2748,0.95456,7.2308,-2.2444,8.2323,2.456,-8.9218,2.7079,5.7009,6.245,2.7001,2.0418,-0.23175,-10.097,-3.9114,0.21618,7.1358,4.5276,-0.63439,-1.5344,-1.7126,6.3707,0.61758,-11.106,2.3972,-3.3018,-0.40704,-4.7,3.625,0.46217,-4.5561,-2.6854,-0.39368,-4.8778,2.1647,7.9707,-1.6886,0.13674,-1.9856,-5.2331,1.6923,1.001,-0.30135,2.0101,4.6545,5.1891,-7.3225,-1.8725,2.2657,3.8249,-1.3454,5.8314,3.9772,-1.5395,-1.529,0.49323,2.9108,8.4506,4.406,-4.4073,3.554,8.0319,-0.96439,4.1416,8.9016,-3.4272,-5.0431,0.16754,7.6801,5.1386,-6.1174,4.0837,6.8409,9.9912,4.9503,-1.622,7.1763,-0.4644,-8.1497,-5.9782,1.3578,3.435,-4.5425,2.6662,3.6536,-6.6518,-2.6402,-5.3858,5.0863,4.09,4.5988,-3.4172,7.2392,-3.6445,2.5686,0.61319,-2.6753,6.7462,-5.3029,4.7477,-4.2791,3.553,-4.5719,-3.9979,8.7285,-0.12876,2.6643,6.7199,4.5402,-3.4378,-11.088,1.9224,1.7783,-4.1805,-5.2176,3.7727,-4.4787,1.5484,5.9509,0.19092,0.05826,-2.0885,3.1317,-3.6414,8.208,6.0561,-2.4214,3.4887,2.0844,3.7517,1.8525,-1.2987,-0.61404,2.1066,1.425,-0.76246,-1.2465,2.6057,-4.6164,-5.462,-4.5038,7.8935,-2.0521,-0.97666,5.6793,-0.18217,-3.6113,-1.6022,2.5189,4.5343,-5.284,-2.9067,2.8627,4.1621,-1.7762,-0.35293,-2.1146,-2.2651,0.47725,4.4648,4.4385,0.74351,2.3529,2.8153,3.6715,-4.2534,-7.4916,-9.1107,0.69554,7.5847,-0.34182,-4.4434,0.39012,-2.8332,-4.7551,-8.2654,-3.4865,4.0751,1.33,-4.2142,0.12969,0.97529,0.29018,-3.072,1.8642,1.2583,-0.41063,1.2536,3.3587,-2.7089,0.9766,6.1021,5.1427,-7.7839,-10.472,3.2781,-10.204,0.2737,9.9482,-3.0477,-0.80094,1.7896,0.22591,-8.309,1.3821,2.9151
3.3064,-6.8693,-1.3891,3.0692,-1.177,-1.3356,-1.1829,7.3062,-1.3063,-0.17986,2.313,-1.2943,8.7235,-0.95655,2.1433,1.832,3.1083,2.7926,2.9802,-5.0902,6.8957,-3.8969,-9.3821,0.97803,-1.9549,-4.5151,3.5716,1.6863,0.81322,-1.0764,1.0792,2.8082,-0.31508,2.6279,-3.0367,-6.4979,1.2269,-9.9684,1.9109,-2.6668,-5.4766,2.9699,1.1992,-3.3831,5.4314,-3.9349,3.0678,9.3638,1.9949,0.69448,5.3532,1.8753,-4.8311,-1.3494,-5.9528,1.6809,-0.48701,-0.20327,-2.4728,0.020392,0.049544,-5.2962,-1.0858,4.7983,1.599,-5.6705,6.0974,4.422,-3.7745,-2.7163,-6.3832,6.184,-1.3039,-1.2482,-3.3407,-0.47712,-1.6473,-1.8065,-1.8827,-3.029,0.71011,-5.0793,-1.4122,4.5162,8.0121,-12.918,0.78043,5.8488,4.9658,-5.4077,5.7069,1.927,-2.943,0.012073,-4.0367,2.2996,5.8047,0.076444,-9.11,-2.9912,-0.57794,-1.8327,-14.725,-0.3346,-0.85261,7.1108,6.0092,8.5604,3.8457,0.11794,2.118,-2.8865,-6.7347,-3.0972,-6.2896,3.3012,7.4044,3.065,2.0476,1.3911,3.8289,0.025289,6.1924,1.4342,3.988,-3.9634,-2.3574,4.8895,-1.2305,0.16399,-1.5744,-4.2985,-7.3456,1.3782,-2.5934,8.6932,-2.1306,-2.1048,-2.0777,0.45345,2.3841,-1.1005,-0.21245,5.6003,1.2306,-2.8604,0.29081,-1.2638,7.0325,-2.2937,-1.9685,-5.8222,2.3891,0.047726,-2.5305,-0.71251,-5.9252,-2.1627,-0.84764,6.3269,0.90084,-6.3482,-1.544,3.2504,0.9474,-5.5517,2.5132,-2.9701,2.6741,-4.4407,5.1203,-0.83266,2.9544,1.6046,0.69904,-4.6824,2.0196,-1.9268,2.5456,0.14411,1.5864,-2.3791,-4.1058,-0.017138,6.4564,-6.1315,-4.7063,1.1262,-1.2454,-7.2729,4.6323,15.35,-3.2929,3.0431,1.8701,-3.3114,1.3733,-3.1506,-0.32942,0.97774,-0.063134,3.7937,-1.1223,8.1253,3.3628,-6.22,-3.5405,-0.31314,0.68091,-4.6931,8.3159,1.4673,0.23342,3.2803,3.5691,5.2373,-0.041899,0.29579,3.611,3.8933,2.094,-0.87454,1.7501,7.3705,2.8234,-7.3221,2.1587,0.82198,0.028049,-2.0247,3.7672,3.376,1.1672,1.1028,6.0007,1.9804,4.2309,3.3619,2.0524,-5.5037,0.86282,2.3026,-2.8246,3.4376,-1.5666,-2.9929,-1.8832,7.3026,1.2811,-3.662,-2.4591,9.9582,-2.617,0.61806,-2.2207,1.3384
4.129,5.3403,3.6024,6.6099,-2.0595,-5.5546,-0.74576,3.2149,-1.226,0.64641,0.11532,-2.675,0.023291,0.40712,0.19876,-3.5861,-2.7687,3.5986,4.4269,4.9452,-2.9308,4.9024,2.6733,1.786,1.8332,3.3829,6.2096,2.1959,4.4203,-0.943,0.7136,4.5776,-4.747,6.7001,1.5234,0.28088,-1.0281,8.1942,3.1416,-0.88518,-1.71,3.2911,1.5575,-2.7584,-3.5258,2.3374,-2.0842,5.1556,-1.7973,-2.8786,7.7255,4.5281,0.57366,-0.40204,4.9353,-5.2518,-0.75539,0.84081,-2.6001,-11.554,-4.1071,1.6904,-1.0917,0.14517,0.017464,-2.7679,5.5733,4.2877,-2.8103,-2.3717,4.3962,1.2372,-6.2544,-2.8341,8.4576,-8.0908,-5.3035,4.2955,2.028,-4.0709,-5.2841,1.51,-0.12057,-7.1416,4.3134,-1.6951,0.57573,5.9338,2.795,-2.8629,0.49343,3.1061,-8.3068,1.9615,3.8101,2.9862,-8.09,3.9014,1.3494,-3.964,-1.4834,0.56904,-2.2992,-6.2944,0.049206,-0.47581,1.8026,8.5144,-1.0605,-3.1455,5.3698,-0.54535,0.81002,-4.6909,6.5452,-4.2138,-3.5014,-1.33,3.2662,-10.159,9.3117,1.4009,3.9418,-10.781,6.1292,-2.3804,2.3621,-0.7103,0.82184,0.58284,1.6119,3.4298,-1.4836,6.3442,3.9057,-0.25109,2.2407,0.75936,-2.5996,-0.52411,1.9015,6.259,2.5344,2.6116,2.9056,2.2131,-1.1562,2.2836,-0.89914,-3.5255,-2.1345,1.322,-5.2118,3.2787,2.538,0.023343,-3.5315,3.5323,1.8209,-7.9528,-2.8833,3.1071,9.9412,0.98176,-0.96739,-11.244,2.0468,4.1971,-6.9355,-6.0326,2.5372,-2.7716,0.20449,-2.7381,7.6745,9.3763,-2.2134,10.511,5.5062,-6.8876,3.3779,1.9427,0.17223,-1.969,3.6848,2.0322,-1.5188,4.5815,1.0989,-3.8209,7.7796,8.5038,-10.159,-1.4527,3.4329,-0.62511,0.51022,12.875,0.49507,0.12752,-6.116,4.6087,5.1905,2.7543,-6.605,1.9952,-3.5062,0.53884,-0.46473,2.3347,1.2481,-3.9573,-2.1954,1.9844,9.1334,0.28398,2.7856,4.2539,4.4846,-5.7906,-5.5183,-0.51946,-1.0697,0.35939,8.4896,-5.425,-1.4333,1.9742,7.589,2.4845,2.3738,-3.8774,5.8361,9.6989,5.8725,-1.0165,-3.5663,-1.2097,-1.9722,-11.413,-7.6473,5.7468,7.4076,-0.92045,1.4007,1.4149,-4.4806,6.8848,4.917,0.062318,-2.5668,-1.0286,-3.0275,4.8711,2.8456,-0.92056
0.47154,-0.7951,-3.6645,2.9602,2.4645,-0.50813,-1.6973,3.8421,-0.94325,-4.6324,-3.9496,-6.8636,-3.9144,1.3509,-1.9835,-0.19023,2.866,3.2511,2.0163,3.7695,2.8887,12.823,-2.9587,2.396,5.325,-3.7421,-1.2516,-2.3796,2.6133,-1.4724,-3.3812,6.6765,-2.4517,4.518,-1.5971,4.0147,4.7847,-0.048613,3.096,-4.3725,-6.6046,5.2841,0.40774,-3.1492,0.96256,-2.4674,-2.0487,4.9698,1.9842,-6.1198,-6.0894,-2.1245,-1.4297,0.41811,-3.5464,1.6405,-0.75336,-1.0818,0.70025,1.7603,-7.5879,3.3268,-7.0222,-0.82483,5.846,-0.60431,2.7233,-2.6954,5.2865,2.5707,-0.16556,2.6414,-1.386,-1.6777,3.2361,2.0898,-4.8715,-2.1266,0.29849,4.9441,1.2943,2.609,-6.0036,-4.0271,-5.6072,-6.1727,-8.2756,-0.96455,4.439,-5.9958,1.86,0.40995,1.3397,-1.7668,3.5562,-1.938,0.64254,9.9875,3.1824,-3.7594,5.7118,0.4819,-1.4657,2.1924,2.3157,2.8704,-5.7131,1.9587,0.15265,-2.4032,-1.8262,3.4817,3.5409,-8.3689,-1.5053,-6.1354,2.7455,-3.2464,-1.1354,-0.83117,2.1349,2.8228,-5.4585,6.3953,6.8977,1.8166,2.8414,-5.1937,-3.7788,-2.1192,-3.5233,6.4216,-1.5749,1.5564,3.1669,-3.071,0.41946,-7.1007,8.5206,-6.6904,1.027,7.0771,0.70374,8.4506,5.4731,5.5778,-4.2357,-0.71184,3.8325,-9.9013,-6.4649,4.3575,-0.79827,-14.673,1.2413,6.321,-5.2885,-3.3545,-3.1282,4.8235,1.9285,0.75806,0.30597,0.71035,-4.1083,-4.1239,-3.3313,-1.504,1.5329,-2.8395,-4.083,5.7396,0.083667,-6.1846,2.5742,0.17143,-7.6799,-11.781,2.1585,-2.1824,-1.2369,-6.4314,-2.2451,3.3717,2.5945,2.0443,0.24029,7.3662,-3.3799,0.075264,-2.4502,0.17063,1.0097,-3.2292,-3.2634,5.6934,1.1845,-6.6931,-1.2679,-2.1963,0.86066,0.099219,-1.7791,-2.8274,7.9034,5.0943,-4.9295,-0.75321,1.615,-14.294,-8.6193,7.8611,-4.1908,-7.5739,-2.1927,-1.0119,-0.50784,2.0369,-6.3287,-4.3391,-0.74528,5.1056,2.4827,-0.84232,-0.88009,6.7806,1.846,10.582,3.6778,-9.6358,-0.21808,0.92221,-4.7602,-0.56662,3.2977,0.91987,5.5202,4.8624,1.7995,6.542,-1.2946,-4.2938,-4.978,-0.52115,0.093783,3.4137,0.21375,12.592,2.5503,2.3573,4.0939,11.1,-2.7953,-5.3815,1.7026,5.0738
2.6855,-5.4739,-1.4358,3.7854,1.3434,7.5842,-1.3709,7.5699,4.1069,-8.2738,4.6668,-7.4711,2.8984,-2.3491,-5.9603,-1.2432,3.7392,-0.78897,-9.1058,0.059752,-7.1227,-4.8882,0.36534,-1.7756,-1.2147,1.7139,2.7463,-5.8502,-3.8981,-3.3418,0.47249,-2.1835,-3.0431,-0.58445,-4.2158,3.1526,8.6883,-5.5337,1.055,0.94538,3.1977,0.35417,3.5109,2.7964,0.85795,0.48455,2.1983,-6.8194,-5.0939,2.3747,-0.66691,-0.38435,-3.5334,-1.1167,-3.5831,5.0089,-0.015964,-5.2205,1.2941,13.301,2.9417,0.13036,5.4329,1.9328,-3.3737,0.70952,-3.4846,1.1252,3.4761,9.8222,3.3826,0.91007,1.7561,-7.6707,-4.4912,-3.7157,1.853,5.7808,-4.6475,8.1558,0.45588,-1.6629,0.061785,2.9102,-3.3468,2.9617,1.2989,1.0466,1.4801,2.156,5.4078,3.0634,-1.5925,5.8552,-7.6745,2.486,2.3277,2.1165,-1.6605,-1.2021,2.108,-0.6773,4.7521,6.6412,-4.1309,-0.65767,5.6412,-5.7222,0.91337,0.32505,3.3676,0.77108,-1.2904,1.8264,-2.0851,5.9131,4.1921,3.1517,-0.80159,-2.0704,-1.0344,-7.9929,7.9741,2.8406,-4.2818,-0.91601,4.5024,7.2752,-2.9593,4.6016,0.72642,-1.8834,2.4039,3.6577,3.1024,-5.3101,8.829,0.8095,-8.032,-0.55235,3.5932,-1.2078,0.20544,-1.5516,-3.6943,-2.2671,10.519,0.71636,10.026,-0.50514,-8.4074,-0.50097,1.4531,0.028917,-6.0844,0.59793,7.0757,1.0431,-10.38,5.355,3.2165,-1.7241,1.1853,-5.5473,-3.0433,5.4941,11.942,0.33989,-1.2504,0.62661,-1.6407,-6.1416,6.738,-4.5393,2.0555,2.2305,-7.0845,-3.0049,-6.432,2.9518,3.4196,-9.3395,-0.33872,2.5411,-2.9627,-1.1736,2.0477,-2.6924,-6.3063,3.1096,0.77506,-0.8135,1.9165,-3.3362,-5.7484,5.7772,-0.97234,0.57289,-6.402,-2.4264,0.88868,3.0024,-3.3876,2.8342,-3.0337,6.7411,-0.85198,-5.1268,-6.4129,-5.644,-4.2408,7.5412,5.3952,1.1252,-8.3316,-4.7314,-6.4473,5.3637,-4.288,6.3397,0.22164,-3.648,-1.6367,-1.5571,-0.72807,1.9201,11.09,0.95119,-4.4708,9.2759,-3.754,0.85855,1.8877,-4.1105,-2.5583,-2.4535,1.5575,-0.043009,0.30071,-2.3962,-4.034,-7.6217,6.1227,3.771,-2.577,1.5484,7.1028,4.3646,-2.3119,9.9054,-7.8254,-0.22421,-0.33665,2.1969,-2.0724,-1.5239
-5.6577,-2.7074,0.30121,-0.91427,5.2921,-2.1065,-0.077724,8.7434,-2.7435,3.3017,-2.3701,5.0192,1.7831,-3.1751,-2.4869,3.7091,0.41115,-9.2178,2.3932,1.0619,3.5651,2.1842,1.8678,2.2183,4.1017,2.8685,0.06371,2.0923,1.5086,1.8949,-6.1371,3.2578,-4.5171,-9.0205,7.225,5.2553,-0.73851,-0.10772,5.488,0.42306,-0.27063,0.21194,-2.6798,0.7512,-4.0738,-3.5987,-7.2151,4.8329,6.6925,-0.89232,2.9423,7.8581,3.6148,-5.7946,1.7512,7.5035,-3.0847,-7.9442,4.3616,3.775,-1.064,-0.88147,-0.9958,2.242,5.615,4.6699,0.45385,-2.7514,0.56486,1.5761,0.9209,6.8997,-0.92716,2.2934,-2.1429,-1.5864,-0.1706,-2.415,-2.9383,0.45806,-4.5161,1.2475,3.5958,-2.1733,-2.5632,-2.454,8.9577,2.6819,8.6529,-1.0037,1.2713,5.489,6.775,3.2044,0.46389,-1.4942,-3.3943,-6.4399,-2.3345,4.1112,3.2924,10.33,1.1016,-7.2693,-5.1722,1.7872,-3.5237,0.2884,-4.8378,-4.8417,-3.9935,2.1342,-1.3377,-0.28835,2.1572,9.2609,-2.0562,0.89725,7.2337,-1.6856,-4.8322,-0.45318,-0.90261,-5.5457,-4.762,-2.5083,6.331,-6.0013,4.4008,1.1317,-6.984,4.9064,5.7128,-0.82073,-1.2757,4.9807,-4.0616,-2.3261,5.5576,5.2925,-0.88511,-5.7664,-0.79738,0.035051,5.8073,3.8937,7.2316,-0.8392,-10.981,-4.1633,4.0259,4.0432,-2.144,-10.841,-3.8438,15.521,0.4408,-6.2176,-4.4948,11.256,-7.0196,-1.0791,-2.4469,-0.64008,-2.6704,-3.2307,0.16086,-0.18711,0.35708,-1.1991,5.5,-1.1903,-0.094696,1.2754,-1.3236,5.9051,-2.4443,-3.6642,1.3077,-0.40329,-2.699,7.5169,2.6959,0.14006,-9.474,2.2713,-4.4225,-3.838,-4.9734,1.5427,-6.6178,-1.0268,0.38246,-1.147,-1.837,-1.2273,-9.2317,-3.8793,3.0838,-1.8743,5.811,2.1331,-4.0515,-2.3057,-0.75815,4.1118,-1.5471,4.8944,-3.9243,-2.7768,-0.15738,2.2435,0.3087,-0.11845,4.8381,5.5301,-9.0173,-4.8893,-5.2664,4.461,-0.6129,-2.1178,-0.03418,-3.3478,5.3586,4.0122,-1.3483,5.0581,4.4606,-1.5825,-0.43389,1.9906,5.0065,-16.12,6.8105,3.8419,1.2197,-3.0946,-2.8004,1.5213,4.5237,-2.4342,2.9165,-3.2671,-2.0313,4.6158,-3.8069,-3.1886,1.4068,-0.64672,-1.0031,3.9928,3.8761,-4.9002,-0.67,8.8341
5.1602,-6.4968,-6.6826,7.7547,1.2971,1.5379,4.3854,5.7587,-6.4892,1.6236,5.9564,-5.079,1.6133,2.2554,-0.10658,-0.49715,-2.8381,2.4818,-2.9956,-1.3553,-0.13019,-7.8891,-3.0226,2.9607,-4.1419,-1.7862,-3.1746,-0.94722,-3.2575,1.9244,1.9796,-2.9111,1.4861,0.49369,-5.979,2.7929,1.0444,5.1538,2.6742,9.2109,0.49245,-8.4452,5.5602,9.1645,-1.1436,-0.59945,7.7348,-0.19739,-4.5823,-3.4702,4.4663,2.2069,-1.4595,6.1218,-3.5459,5.9451,2.5175,2.1111,-3.1192,3.0034,-2.6258,5.6929,-1.0399,-1.0777,-12.11,5.0696,4.779,-2.8598,3.0454,-1.9333,3.1009,0.64273,1.9828,3.731,1.9611,2.4374,-3.494,2.9041,-6.3238,9.2745,3.1442,-1.0793,-3.913,3.4297,0.21752,-1.2222,1.7758,5.8241,-5.2112,-3.0248,0.91437,-4.5173,4.1029,-0.44558,2.6142,-1.1682,-0.94716,0.70319,2.4452,6.4167,-4.2629,1.1827,2.1092,-0.89498,3.7675,-0.025366,-0.81617,-0.021107,-3.7662,-2.5112,1.5626,-2.3025,0.68479,3.4275,-4.6282,2.4672,1.8401,-3.7893,-2.3966,-0.14499,-1.2845,0.86628,9.5735,1.2044,8.0812,1.7677,4.5655,-1.0066,-1.9436,5.088,-0.13367,2.939,-0.066743,0.40781,-0.63122,0.55565,2.3286,-1.6121,-3.0248,1.71,1.4804,1.5244,3.1641,-1.4866,2.4449,-2.5746,8.3127,-3.9191,-7.3912,-8.9905,4.3065,-0.27838,-3.2096,5.4531,7.2267,-1.8202,1.7661,-3.8249,3.2778,0.24954,2.3168,-1.6235,4.6845,-4.1655,-9.565,4.3925,0.53762,-2.2399,1.2673,5.3255,-1.566,-4.5017,-9.1319,10.15,0.82897,4.4204,-0.907,-3.1956,-4.5532,0.48314,-2.7434,-2.4761,11.407,-1.945,3.2075,1.0134,-4.3474,-0.22358,-0.4107,0.39149,0.15678,-1.2284,1.7247,4.2178,7.2369,-2.3939,-3.2371,-3.8644,-3.5066,0.83813,1.7579,-3.7755,7.9191,2.9821,-6.1813,-3.9667,-2.7789,0.67506,-3.6314,-4.7565,0.74707,-5.6708,-4.4606,5.474,0.63774,-5.6677,2.1485,-2.3935,-5.3321,-3.5097,-5.7024,-5.2722,-1.5757,-0.97443,1.8511,4.6333,-0.087167,-1.5666,-6.8614,2.6998,-1.9914,-1.3722,-4.9027,4.9185,0.29198,4.6158,-3.3463,3.8763,0.94714,5.902,4.1675,-5.5711,3.4082,5.5876,-3.9179,4.0883,1.9366,-1.5134,-7.4942,0.34132,1.8745,-8.7236,1.8073,5.4579,2.3934,0.74125
-4.1037,-0.13558,-2.3641,-2.3872,-7.2977,3.9731,-2.2391,2.5906,0.64149,5.5547,2.4803,-4.1881,4.5919,4.5625,-8.4527,4.1152,0.2316,0.32303,2.2953,-3.6743,-7.7112,-2.6128,1.7007,-12.98,-1.2114,4.9072,3.3102,-5.6886,-0.67086,2.7703,-0.65765,-5.9242,-3.6229,3.8899,-2.2661,3.6557,-7.3005,7.4985,-0.53958,-3.0924,-8.7801,6.2812,6.8966,-2.6468,1.565,2.1726,-4.7219,2.5863,3.8532,-3.2183,1.9972,2.0994,0.59355,-0.5434,5.0683,4.1882,-4.0672,4.8912,4.9071,-4.1442,-5.7446,3.0865,1.4558,-7.6704,2.1211,0.68672,0.99213,-5.877,-1.8908,2.9842,-4.0797,1.0524,4.5169,2.3192,-0.013781,2.6075,-2.6068,-7.7741,5.6979,1.7718,-4.5872,6.4874,-0.033205,6.2167,-5.7169,1.1558,6.3729,-7.2455,-0.18299,8.2155,0.39469,1.2021,3.9782,1.4662,-4.1671,-1.8253,-0.53483,-2.6483,1.0685,-1.75,-4.0613,3.539,-2.7777,0.51297,-3.6935,4.4152,5.6594,-5.8573,2.5256,-8.9037,-2.5686,3.1569,5.7118,4.6288,1.9562,4.5751,-6.3711,-5.328,-1.633,0.60251,3.1787,3.3284,4.9454,7.5731,2.1719,-0.37653,0.39659,0.2017,8.5829,-4.1175,0.62634,-4.2742,0.42791,-4.1634,-3.5902,0.55789,-0.19461,-0.00014982,0.21767,-7.7037,-0.71586,-1.5776,1.9598,3.4234,-5.4676,-0.98686,9.8302,-7.0478,3.4071,-1.9459,-14.644,-9.1791,2.9253,2.0963,3.3895,7.8846,3.3051,0.70506,0.52753,3.3412,-5.037,4.2296,5.0554,-6.8725,-3.5197,10.159,-8.4553,-4.5742,5.9048,-2.3045,0.39143,5.1287,0.48053,1.6277,-1.5074,-0.89709,-5.5208,-0.73109,-1.7492,-4.4989,1.3644,0.40118,6.4094,-1.7053,2.2241,-3.5796,-4.2176,-3.0957,0.96778,-0.26358,-0.49218,-1.1656,3.7857,0.24419,-7.0255,2.3664,4.3683,-2.4068,7.0708,4.8531,-3.8609,12.766,5.7235,-11.375,-0.86184,3.8214,7.3914,-5.6481,-1.4504,-0.47672,0.60969,-1.347,3.8182,1.5858,-0.39076,0.056391,-1.473,5.5686,4.2138,-3.659,-6.768,-4.6043,9.1606,-4.1003,1.7068,-1.2528,7.0148,-3.7664,-5.661,1.647,4.5061,2.5361,-1.0798,-0.75825,4.313,5.5301,5.584,4.4935,-0.42398,3.1301,-7.2537,-9.7677,1.4265,-2.7313,-4.444,-1.4021,0.41429,-6.5879,0.16925,-1.9995,4.4322,2.4688,1.597,-7.2835,6.2704,4.3336
-7.881,-2.3132,0.87312,2.1749,2.5671,4.2834,-5.3024,3.9013,-5.901,-7.9525,3.9582,1.239,-1.5131,3.8122,4.9857,5.9527,-2.1207,8.1834,-4.8522,1.4955,2.1934,1.1124,-2.3427,-4.5419,0.52778,2.3268,-0.93298,4.5114,1.5038,-4.1395,-1.0453,2.2256,-10.593,-10.515,1.9134,1.4089,-6.8287,1.7005,2.2339,1.107,10.396,5.4345,-0.099335,-4.328,4.1688,-6.4145,-1.9795,-3.4921,6.8006,0.90787,-0.33036,0.79752,1.3045,-3.8421,6.6712,-2.2155,0.77769,1.688,-0.2788,-1.7156,1.704,-0.036439,6.1527,4.9591,0.7186,-4.0672,-3.5269,3.0849,0.93109,-4.4119,3.0008,1.5935,2.3166,3.3219,5.574,2.9339,5.2439,-3.454,1.275,-0.45362,-1.2484,-4.5681,1.426,3.1033,11.33,-3.412,-8.7842,0.51521,1.1799,0.28787,0.68659,10.304,0.19764,0.32609,1.9606,-5.9982,6.4322,3.569,-0.38919,0.88876,-0.95991,-0.87841,-3.1428,-7.2675,-1.3878,1.9391,-4.0824,-2.4642,1.9692,-1.0109,4.8145,2.3368,-3.2701,-3.7922,5.6808,7.2332,3.6935,1.9186,7.7213,8.5288,1.4934,-0.32524,-4.5218,4.4282,4.4775,6.2961,0.48098,-4.3622,-4.1888,2.0825,-4.3155,3.3476,-3.3728,0.78236,2.9108,0.90916,-5.2384,-8.13,-5.6075,-1.5689,2.9346,2.6642,-1.5332,-1.6445,0.91861,-8.9007,0.70879,4.9585,-6.0503,-1.1193,1.4364,1.2937,1.9147,-0.33623,0.99591,3.7906,-8.2656,1.2117,-2.5935,-3.1787,0.6965,-1.0679,-5.3068,7.598,1.3751,-5.8494,1.018,1.9463,-0.01326,-2.1629,-1.6304,1.5298,4.6019,2.3487,4.0161,4.1408,-4.1098,-0.85461,-0.9274,-4.1904,5.2695,-1.9892,1.5352,-2.9563,-0.48312,-6.9498,1.8087,2.924,1.6285,4.4745,-5.5207,7.444,4.2154,1.5667,5.4251,3.2456,-5.0515,8.4335,-0.38189,-1.3127,2.1698,-2.9332,1.4131,1.6504,6.8731,-4.8632,-8.9273,0.52729,1.047,2.8533,-2.0631,-0.025905,-1.6144,-1.8398,-1.3548,-1.961,-4.0762,0.74177,4.5951,-3.6501,-2.7547,5.7586,-2.2248,-1.0272,1.1406,2.3498,-4.1496,-1.633,3.492,-8.6443,-2.9015,4.0185,2.9527,-0.8036,-1.5556,7.2495,-0.6821,-4.8086,3.2072,-0.74582,0.57136,-2.0679,0.50804,1.2944,1.0699,1.1062,2.2284,5.7922,6.7572,4.9901,-4.5904,4.7439,1.4695,-3.5963,3.7224,1.5561
7.9245,2.3095,2.2922,-8.5189,-9.5344,-8.4368,-0.84297,-1.5026,-1.2329,6.0576,-2.1125,-7.6562,7.565,6.4651,-1.7179,-2.413,0.87416,0.95188,-4.0431,-6.868,-2.3209,4.0439,0.96373,-0.40396,2.4473,-1.4775,1.4753,-1.0381,-1.9316,0.88194,3.766,-4.8403,-8.514,7.6306,-1.2098,0.87523,1.6767,-0.66476,-8.2241,-7.9363,3.577,2.5864,4.2215,7.0659,-0.93864,0.96071,-4.043,0.40069,-7.2219,4.5484,-1.0156,-4.8928,4.9431,7.1238,-0.71109,-4.8506,-2.0353,4.7604,-0.35454,-2.1515,1.5952,-1.4676,-0.78346,-8.5192,-4.3204,-4.9063,2.855,-3.4798,8.5589,-3.1137,8.0052,-2.3919,-0.18769,-0.4927,4.0686,-3.1084,0.23911,-2.1068,1.079,0.97997,-6.0872,-3.1185,-4.8379,-0.89982,-4.2983,-1.5933,-3.9584,2.4442,-6.5358,3.7405,4.7325,-6.6727,7.1639,5.6767,-5.3269,-2.1355,-3.7214,3.8799,-0.09671,2.645,-9.322,-0.13691,1.8337,6.4115,-0.99376,0.78546,1.8018,-1.639,-5.8677,-10.008,0.20142,-0.090896,-0.9255,0.611,3.8795,-11.441,1.6223,5.0384,-2.3076,1.1025,5.6129,2.7291,-3.2929,4.2267,-1.5385,2.9475,2.7496,0.65557,-7.6224,-5.1791,3.9211,-1.0575,-7.1388,8.981,-8.3457,2.0565,1.5998,-3.8104,-1.1501,-1.0106,4.6495,3.4496,8.264,3.787,-0.41172,0.90446,6.7749,-2.5794,-1.8176,3.7897,7.6803,-3.2727,0.49411,6.8646,-0.14583,0.95153,2.7639,-8.7989,-6.3255,-1.2549,5.0027,1.3949,5.8291,-5.1894,7.1155,2.9796,3.9291,0.8541,-2.0599,-4.8015,-2.7939,0.87353,7.5571,0.2281,-0.10837,-2.1847,-2.5947,2.8154,-1.6678,0.88228,-1.4589,3.8653,2.889,1.1883,-1.998,1.1262,4.4179,-1.5326,2.611,5.0605,-2.4635,-7.2391,2.8975,8.771,-9.3147,2.4261,0.78124,-4.0828,-3.6735,-0.77148,9.623,-4.1455,-6.7684,-2.0066,-4.0562,-7.0672,5.0039,4.3453,1.5963,6.4398,0.5188,-5.4269,-4.2561,3.7416,-1.3678,-5.0482,-3.0185,2.7866,2.513,-6.2623,-9.2062,0.44858,-0.64911,-9.0163,2.1037,5.663,-0.64263,1.0641,-3.2315,3.0903,0.10778,-0.49516,3.5433,7.2984,-4.5705,-6.4461,8.118,-5.5736,0.72655,2.3177,4.2966,-2.5372,1.8563,1.494,3.0952,-6.3112,0.27194,-3.7581,-6.5563,-6.1316,-4.3728,-9.036,4.9086,2.0495,0.0076735,-4.2155
5.7712,3.7386,-0.68451,10.35,0.13773,0.98412,5.0383,2.714,-1.0768,-1.3371,8.9056,-2.4421,-3.652,0.25124,5.3947,-3.2649,3.4448,-2.3537,4.7591,-0.59212,-1.1441,5.1338,1.9566,5.8688,1.7874,-0.60453,3.7758,-4.8273,0.16326,0.62371,2.8447,-5.9865,-2.9805,-1.4951,2.7353,-0.37071,2.7865,-3.675,-1.3592,-4.2832,1.9711,4.6995,-2.4192,-1.9483,-10.219,-6.0396,3.3303,0.67849,-10.776,1.2712,9.3631,0.79707,3.5797,1.4642,3.0271,-2.1749,-2.7852,1.2818,-2.691,-3.8525,-7.7084,6.2123,4.361,-1.2369,4.6054,2.3499,-4.9005,0.97649,-9.1039,-1.2031,8.9447,-4.3288,0.43667,3.866,1.7081,-2.9664,-2.188,3.0107,-2.5124,-2.6778,0.84485,-0.3493,-1.2075,4.2329,-4.4513,-3.0523,-0.052413,0.33775,1.6755,-0.71526,-0.62208,0.32653,2.0049,1.9726,-0.26017,0.71487,0.11186,3.6673,-2.225,0.66161,1.1961,2.6017,0.52039,3.2132,-2.6284,-5.6964,7.2475,1.6643,-11.985,-1.3525,4.3485,-5.5443,-3.5576,4.1051,-0.86953,-3.7173,-1.4552,0.95663,-2.5869,-0.73278,0.9542,1.9878,-3.2712,-0.24819,-6.0878,0.19413,3.1295,7.1815,-5.2153,-0.2078,5.6108,-2.1057,-1.5394,3.1562,6.6083,0.73408,4.9002,6.7672,-8.5326,0.24455,-2.2555,5.5114,-8.4136,-0.57861,-2.9069,-2.5454,-0.52791,1.0647,1.4999,7.0207,9.9753,-6.653,-6.3021,3.2032,-5.809,-2.3431,-4.6815,-3.5099,-6.6544,2.5087,4.1895,-0.19162,-4.1315,1.7175,7.3984,1.2866,-4.786,1.0942,-7.1819,-2.2147,2.9311,1.9234,-1.2662,-3.2037,-4.8345,3.3547,-1.0357,3.737,3.053,-2.9117,-1.0059,1.7532,-4.0499,0.28127,-6.8436,-8.5756,0.42453,-2.81,0.049182,2.4352,-4.0902,1.3279,-7.9398,3.1219,-2.1362,-7.8581,4.3183,-6.9125,-1.9356,-0.98193,-4.7487,-11.328,2.9047,6.2012,-6.3428,1.4292,-6.9389,5.4364,-3.8477,-1.3066,1.2193,-4.3043,-4.5657,3.7208,0.33292,-1.1824,-1.2487,3.784,-1.6558,2.3649,6.8581,-5.8409,4.0415,0.23369,3.4343,2.1112,3.3341,6.5933,-4.398,8.8635,3.5421,-4.7229,2.1348,12.814,0.32973,-7.6788,2.3372,5.1983,-5.7992,3.2047,1.9854,-3.8401,-1.6922,4.2129,5.2346,-3.267,4.2953,-0.81443,-1.1894,1.3417,7.3387,-9.6634,-2.7118,7.9181,1.3523,0.90128
-2.3615,5.9972,-2.0586,-4.5491,2.8949,2.2999,6.7604,1.5977,2.9792,-2.6547,-2.6285,-4.7797,-3.4317,-0.34962,8.6523,1.4962,-0.14815,-2.3729,-1.7121,0.082443,0.25611,5.3856,-5.2055,0.48629,5.3188,2.3686,1.6326,-3.1942,1.3494,4.0671,8.6225,-5.5932,-5.1129,4.8531,0.93045,-4.2496,2.836,-3.2995,-4.0808,1.8513,1.2876,-6.1687,4.4414,-1.5016,-0.4106,0.74042,0.197,5.5941,-6.6709,4.8375,4.1678,7.4667,-5.4511,3.1769,8.3642,-2.6857,-3.9538,-1.2139,0.82513,-5.3377,7.7886,-0.65746,-3.7718,0.643,-4.628,-2.7921,0.27859,0.22515,-1.8016,1.6296,5.2939,-0.58514,-0.81499,2.0474,-2.8241,-6.4163,5.4347,0.025588,-0.33273,4.6328,4.9752,1.2453,1.5989,6.2806,-2.9834,-3.5738,0.60813,-0.57807,1.1205,0.83234,10.972,-2.4453,-4.0174,1.8534,-3.7955,-1.6107,4.244,-1.8254,2.3462,-2.1868,1.4573,-1.3042,-3.372,8.2442,-2.4979,-3.1132,-4.3071,6.046,1.6244,6.7463,5.3766,4.6898,-9.2413,-2.234,-5.6286,-7.6031,-1.4786,-1.3907,0.032368,2.8277,4.35,5.3077,4.1145,-0.34951,-3.7608,3.8953,-5.703,-0.016069,-2.7578,5.8859,9.5047,-4.1874,-6.3408,2.0207,3.8554,-9.8368,-7.6321,-8.6823,-1.5454,-1.8995,1.6684,7.5094,-1.4401,0.82013,0.99648,3.6562,7.072,-0.52576,-6.2391,-1.6644,-0.38021,-2.7767,-5.6127,2.2088,5.0088,-5.3408,7.9417,1.831,1.7964,-3.0603,7.0647,2.1912,-0.14183,5.4659,0.36921,-3.4279,-1.825,-0.41,-7.6476,-4.2722,3.4218,-3.2245,-3.807,-1.2808,2.956,-5.6459,1.7006,7.1504,2.6964,1.841,-7.4875,2.2133,-2.1931,1.5262,-4.05,-4.7277,4.8922,0.78879,-2.6727,-3.4241,5.587,-2.4391,-2.4898,1.2959,-1.2381,-8.1722,-11.118,-3.274,0.69743,-2.262,-5.4717,-4.6519,-4.8608,2.3292,-9.2226,-6.0126,4.7672,-1.7033,-11.369,4.8359,4.4891,-2.2821,-4.4315,0.15964,4.9442,2.815,-1.5261,5.136,-2.4945,-1.2717,0.91168,-1.2164,-9.9216,-2.9515,-4.4702,-0.56773,5.3143,0.64718,0.28566,8.7449,4.7249,2.7005,-6.8819,-2.7047,4.3959,0.75957,-1.5733,4.5265,2.6443,-0.12919,3.0282,2.4238,-3.767,5.4942,5.3979,1.5722,7.6388,6.656,-5.9609,0.45998,0.68203,0.11412,-11.879,-1.7823,-5.1776,-8.1813
0.68705,5.2669,2.9618,-1.6632,-4.9509,4.1258,-1.9153,4.4729,2.5589,-3.4549,5.4092,2.916,-1.0748,-0.11947,-1.6249,-10.924,-6.4054,5.5501,-2.7636,2.5422,-1.8359,-2.5124,-1.9027,-0.88035,-4.4683,5.212,-2.4197,1.6644,3.8152,8.2557,-0.56432,-2.1043,4.5952,7.4195,1.5115,6.5923,3.2794,-4.6226,2.1916,-0.3967,-3.486,3.9051,0.20921,-7.177,-0.73085,2.4681,-0.62261,-9.2037,4.7667,-0.082162,4.9011,1.9996,2.5744,-2.9225,-6.9686,1.4588,3.9417,-0.47945,-1.132,0.21836,-0.89527,-4.3351,-1.686,-0.04993,-6.9723,8.0426,-3.7897,-9.3426,0.58235,4.0119,2.2223,-6.1439,0.16442,5.1107,-6.0765,7.6311,3.1632,0.97608,-6.2557,-5.3574,3.3794,0.33038,1.4792,-1.3304,0.27135,3.023,-2.1727,3.8259,1.587,-2.8055,-1.112,-2.6566,8.7057,-7.2162,-6.4225,0.54086,-0.014375,-3.4851,-5.6448,2.1785,6.7424,1.8792,-0.91465,-7.4394,-1.6478,3.0476,1.4873,-0.78604,7.0053,-11.923,-1.3085,-1.543,-0.057912,0.16499,2.7824,1.8098,2.8011,-1.2146,-1.1856,-2.9257,5.6667,-11.245,-2.5241,1.099,-6.9476,2.2632,-5.3313,-2.8023,6.6357,5.6298,3.8442,3.6083,11.039,0.38555,-6.7083,-2.798,-1.5082,0.68373,2.8406,-3.7794,13.589,-0.75869,7.595,-5.5535,4.7879,-2.5469,-5.4728,-7.8377,4.7533,1.9671,-4.7882,-3.8769,4.6511,2.5451,-3.8633,-3.1062,-3.7997,1.65,1.1837,5.9657,3.2246,1.4699,1.8493,1.9252,-4.9366,4.1775,5.6708,-5.5724,0.81217,6.8771,3.0549,-2.5261,-1.3786,0.35497,-6.5529,2.3466,-4.9642,-5.3896,-3.5391,9.618,-2.898,2.0054,7.6912,0.94971,-2.9474,3.3679,-4.6878,-4.0816,-4.7708,0.41602,0.62569,-0.67233,2.5805,7.3896,0.69484,-2.1643,-1.6425,5.7779,1.506,-5.5197,-5.7057,-2.8007,3.5627,2.9665,-4.7853,-7.1799,-6.0054,-10.084,2.9834,5.5589,4.9371,2.0853,7.806,1.9065,-2.1226,-2.374,0.95633,3.7417,1.0971,6.0004,4.054,2.351,2.6603,3.1585,-4.6812,6.7152,-0.79158,-4.587,-0.53154,4.1126,-0.31593,1.4651,6.4373,2.3797,-7.9893,3.0721,-0.37464,-1.6169,3.0509,-5.3446,2.6776,3.8522,-4.6355,-5.5042,-2.7787,-1.4675,7.868,4.4718,3.6419,-1.6582,-1.1205,1.1169,6.1988,-2.276,-1.7018,2.0962
-5.9029,-6.7981,-1.5085,3.1723,-0.37389,8.672,5.4842,1.4948,-8.9375,1.3888,0.97602,-4.4496,-9.8225,7.3555,0.94483,-4.3836,2.297,2.1283,4.9959,-3.1339,-6.0518,-10.337,0.023982,1.1692,1.8646,-3.5063,4.0261,-2.6579,-1.4022,4.6792,0.23192,-4.3065,-1.7946,-1.5948,0.76222,2.1858,-7.5397,-1.113,0.31046,6.5991,0.51267,0.59529,7.4151,0.70691,-1.6913,1.3025,5.4104,3.0366,1.3504,3.4805,-4.9562,-3.8894,0.63165,6.948,-2.9944,-2.2593,-4.9812,-9.5028,-4.1909,-0.92851,-8.597,-0.93637,10.3,-6.4394,-7.2029,5.3153,9.4751,1.3422,-3.8888,3.2523,-3.306,-1.0144,-4.5658,0.12163,-4.9734,0.32086,-6.2687,-4.8847,-1.9906,4.2635,-4.4931,3.8322,5.2978,-0.39705,-2.094,5.4848,-1.488,3.3886,1.5335,2.9231,-5.4896,-1.8026,6.3143,-3.3523,-3.6172,7.328,5.7186,-1.7351,4.1044,1.1659,-1.5069,0.032679,8.9729,-0.0078681,0.29159,1.5853,-0.72062,-8.7845,1.0783,0.69102,4.1059,-0.8057,6.0248,1.4359,0.10592,-0.124,-1.849,-9.3489,-2.0768,-1.2452,2.148,-3.5256,-2.2631,-0.29469,-6.3645,-1.4497,10.707,-4.6462,-1.398,-0.89767,5.1375,-5.8055,3.0313,1.1591,-7.1199,11.183,-3.7501,2.7671,-0.28353,5.2353,-2.2912,3.2615,3.3351,-5.3958,-6.9514,-1.2856,2.63,4.2702,1.669,7.8355,-0.061687,-0.35459,3.4023,2.717,0.6978,0.46276,2.3524,3.4809,-3.8649,2.8945,-4.9514,-2.0514,5.6501,0.8066,2.7285,0.019757,8.2471,-4.9203,3.1961,0.12245,2.1596,-3.4958,0.79587,-0.79554,-2.2497,7.718,4.1295,-0.294,3.5892,-5.566,-3.0215,4.2412,2.1215,-10.399,-1.7298,-2.6625,8.4325,-0.20713,3.3805,0.69762,-3.1201,-0.3521,-3.7646,2.1752,5.9822,1.9818,0.99943,-5.9615,5.3599,-0.90285,-5.7044,2.9437,-3.5573,-0.024111,-8.5154,3.0122,5.281,4.6853,-2.5551,3.1452,-2.8936,-3.1595,2.3752,-0.67293,-0.39403,4.6042,-0.12578,6.7115,8.1557,8.0195,-4.0735,5.9559,4.015,-5.3997,0.33279,3.185,1.6035,-2.2487,-7.149,11.837,5.1058,-8.6325,-1.2577,-0.25262,-1.1064,-1.74,-0.27577,2.7035,5.7244,1.7227,-1.9622,-5.5255,2.8464,6.3054,-0.92767,2.1174,4.0608,-8.7301,-0.0097254,1.5208,-5.6298,-1.0291,-2.6887,-6.5976,-0.86625,1.7809
4.0812,-7.0302,-4.5853,3.6464,5.3651,-3.9174,-0.3746,2.9839,4.3573,-1.2178,7.8386,-1.1445,-5.4842,2.317,-1.7319,0.56076,-1.2961,-1.3426,-2.9235,-3.2038,6.5142,-1.2614,-1.9095,1.426,0.23066,-10.994,3.4062,5.5271,-0.19075,0.0033366,8.113,0.93017,2.2186,1.5232,-5.6702,0.64079,3.2553,-2.0214,-4.2931,0.284,11.98,1.4549,3.7479,5.9284,3.7416,-1.38,-2.9317,-0.552,-3.7368,-7.6279,2.0688,8.4211,1.1684,6.3025,0.89276,-3.28,-0.057554,6.4919,-2.4133,5.3572,2.3661,-3.9789,4.0637,2.4179,-1.5448,-8.508,3.7639,-2.9759,-5.5777,-5.1426,2.8402,2.7978,-3.9539,-3.8964,-4.2865,-1.2929,1.6474,-3.543,-3.2504,7.3904,3.4655,-3.8684,2.9598,2.4131,0.82624,-3.3154,3.1413,1.3084,-2.0864,3.7395,0.82052,4.6512,-2.4024,6.2476,-3.721,4.2967,5.3749,4.8843,-4.2969,9.4465,-7.5178,-4.9009,1.3764,6.0477,8.1761,4.1842,1.7133,3.0881,4.5237,1.0324,6.0118,-0.11559,0.70767,11.344,3.0584,6.3923,-3.172,5.6433,-0.20166,1.4925,-1.8101,-4.055,-2.5711,-2.7472,-4.3803,3.2474,3.7106,-5.1947,-2.3586,-1.8805,1.9422,0.7922,4.2344,-1.1299,0.16461,1.5979,-0.94221,-1.1801,-1.8679,4.157,7.9837,-3.1025,-3.5024,4.6066,-1.5083,2.5723,0.22975,0.45775,4.5768,1.7419,3.9537,-3.4519,-4.5021,3.049,0.14491,-6.0706,-4.6652,-1.8194,-2.8999,-2.2614,1.5335,-0.69027,-0.991,4.0146,0.41176,5.4348,1.6377,-9.579,-6.6023,-0.69032,0.48236,-4.6431,-6.097,-3.2513,-1.8662,-6.8861,8.6064,-4.694,-7.2111,-1.5097,3.3365,-5.2822,-8.5793,-3.8969,3.5377,-2.1428,-3.7964,-1.6972,0.92362,-0.79528,2.8313,-6.7368,-5.1694,2.377,-0.55101,-1.5849,1.3126,6.8626,-4.1469,-1.3875,6.3301,-1.1555,-2.6536,7.2795,-2.7398,5.2726,-2.1321,-1.2522,-4.3111,-0.5265,5.1131,5.6311,-2.5206,3.865,-0.55048,-6.658,-4.7294,-2.6175,-2.2624,-0.70337,0.58492,-7.2975,-4.8142,4.2036,0.50612,-5.5452,-0.49838,4.1031,-2.4179,3.7395,3.709,4.2724,7.0867,7.2353,-3.421,-5.2708,-0.97112,-2.9086,-0.40062,2.2019,-0.035828,-0.12054,-1.0542,5.4333,1.7986,-4.3645,-2.5999,0.44805,2.3108,2.8327,1.4139,0.76606,2.7302,0.075371,-0.9714,-2.6073
3.0287,-3.0234,-0.74176,-4.6644,-5.542,-0.34453,1.8022,1.141,6.5092,-0.7996,-3.0122,0.91181,1.5088,-1.6036,1.1387,-0.1649,6.5979,-7.9352,2.1848,5.8096,-9.3031,-8.5227,-0.7807,-2.7645,0.79847,1.5978,2.3913,1.4045,-3.0442,5.8991,-11.858,0.2626,7.1881,-1.2672,-7.7117,5.4697,5.352,-3.114,-1.0538,6.3201,4.0038,1.9424,-5.8839,3.2683,-3.5414,0.24708,-3.7944,1.4325,-2.6593,-0.13168,-0.97583,1.0364,8.3854,-5.6602,1.594,2.3476,7.4597,1.1647,-2.2207,0.98781,-0.21462,0.99071,-3.8089,1.7193,0.92134,1.2436,-8.9168,4.1713,0.65519,-1.1689,-6.1327,1.4161,2.5057,1.6642,-0.80317,5.4224,3.7069,1.1658,-2.4307,0.85421,-2.6968,-2.2686,-6.4063,-0.78596,4.248,2.8576,-2.832,2.9583,7.8792,-1.9713,-5.9399,-3.8111,1.0512,-2.0474,-2.4209,-2.9564,1.4273,-1.8118,3.1812,4.7394,-2.9881,-8.7853,4.4814,-0.36388,4.7939,3.1035,0.059543,-5.4217,4.7406,-0.25526,-0.77117,-3.1562,2.6537,-0.17151,-5.4315,4.7653,-1.9269,0.40332,-6.0953,9.7354,-0.70354,-7.0703,-0.67662,-1.8517,-1.5675,2.0769,3.9134,-0.40464,4.2253,2.2501,-0.089094,-1.7397,4.8375,-2.2903,-1.8725,1.7737,2.8172,-4.044,-7.2885,1.3582,-4.717,1.2993,2.0673,-1.8128,0.54881,4.4975,2.1647,3.2582,-1.0471,2.259,-3.7083,1.6241,3.3929,-2.7631,-0.43251,0.68694,-0.89925,0.94735,0.14688,5.6214,-4.6243,-7.9735,4.1327,9.091,-2.797,3.2637,-3.2115,8.4393,3.7935,-3.8785,-5.7481,4.7175,-2.0819,-8.21,-10.903,5.8804,4.9053,-0.31529,-0.71733,4.6426,-2.0294,2.9979,-0.058882,0.94155,4.8357,-0.74737,4.3424,0.25854,2.9485,4.1591,4.5929,-2.9616,4.7905,2.729,-2.7953,-5.0454,0.58118,-10.04,0.46299,-2.0913,-1.2402,-1.9518,1.701,-4.0889,0.98458,0.86112,4.2398,-2.1758,-0.56526,6.3069,-2.735,0.014491,1.142,1.1598,-5.0383,-0.46976,-8.6364,-1.4236,-1.4009,9.6461,3.9442,-0.39954,-4.6122,-1.672,-1.9563,-3.9775,6.0641,-2.8498,-5.5645,4.0366,-7.4403,6.7573,7.8097,-6.3958,-6.8779,-1.855,1.3278,0.62621,3.3376,8.0172,2.9186,-2.7166,1.8391,-10.052,-4.6876,1.879,-9.8949,-3.5122,2.4994,4.6693,3.0727,1.4142,8.3506,-1.8683,-0.94796,-2.0208
-5.7086,-1.4645,-2.3194,2.0735,-2.055,4.3799,7.2834,1.5403,-10.206,-9.3501,3.9907,-3.5197,-6.1946,-2.3745,0.90081,3.9111,6.3148,1.4781,1.259,-3.115,1.4245,2.5461,10.179,7.4376,-6.4594,0.77303,2.6423,-1.5988,-5.1853,-4.9874,1.4669,-0.056612,1.486,1.1692,5.5483,-1.9191,-1.4013,1.4841,-1.2025,2.7224,-0.85632,1.2402,4.9704,-4.139,-0.63977,9.4107,5.0756,1.0891,-3.2012,5.3911,-0.58861,-0.82045,-9.1285,4.7199,1.5472,-1.4228,3.1804,-0.47863,-3.2632,-4.6081,0.72347,-1.2067,9.8412,1.4178,-0.38843,-2.6111,4.7403,2.3378,3.6493,1.0015,4.4117,-0.44458,-4.7148,-2.9526,2.9995,-10.528,6.0086,2.4273,-5.3525,8.8934,2.4681,-0.99494,8.017,10.44,-2.8717,1.611,14.882,1.7627,5.7174,3.0389,5.3991,-0.66335,-0.51866,-0.88045,-4.5963,4.0023,-2.9044,2.8237,7.7667,1.649,2.1631,0.33952,-5.0996,2.9883,1.0589,2.2848,-3.0306,2.0016,-9.4974,-2.0769,3.9263,-2.0683,-5.3327,8.6423,0.60407,-3.588,-1.587,-5.8156,1.3404,-9.0304,-3.1522,0.28114,0.87096,5.7523,-6.2007,-3.3627,1.3271,3.1949,-1.1504,7.9,-2.3301,-2.403,-2.3095,4.2522,-2.6453,0.82963,-3.2301,4.5912,-2.724,-0.83485,7.3148,-7.2779,-3.1821,-3.0059,0.29698,-2.6531,0.91091,-2.4426,1.6043,2.8948,7.5641,-4.5678,4.1079,-1.0797,-3.9115,-3.611,0.23359,0.45778,1.8298,2.4464,0.51466,5.3695,-1.7056,3.7617,0.52927,4.7993,7.302,2.1385,-15.111,6.6758,3.9186,-3.4277,0.31001,-0.12134,10.398,-4.6506,0.73406,-3.5555,-0.84586,-4.5628,5.2305,-0.76963,-3.133,-0.20585,8.5213,-3.551,0.58315,-2.143,-5.443,3.9879,-0.83615,-5.8171,-1.4907,-4.3687,3.2885,-6.7705,1.2647,-2.1728,-1.929,2.4599,2.1308,-1.4912,2.3892,-0.49021,-4.9865,1.7746,3.6027,-0.93529,-1.1236,-5.4559,-1.8633,-11.228,6.1852,6.5363,-7.3446,-3.3651,5.522,-1.2299,4.3125,-5.3034,1.3309,2.1826,7.5627,2.5898,1.9952,7.6342,7.4613,-5.5668,-3.2779,-2.0209,-1.4045,-1.7623,5.2302,0.65828,-3.369,1.6056,1.4856,4.5427,1.0607,0.41191,9.9459,0.48373,-2.4898,-2.4663,7.0191,-1.7237,5.1983,5.0484,5.1612,-5.0263,6.6918,-3.1281,-2.1614,4.2978,-2.538,-3.1885
-6.5201,3.6003,7.8209,-0.51816,0.21522,-3.3789,-5.5599,-1.6401,-0.14514,-1.8338,-7.318,2.3726,-4.1115,-8.082,1.7799,-6.2571,-3.7025,-3.2271,-8.1956,1.1809,-2.4274,-0.20818,6.7051,1.9933,0.10158,-1.2906,-2.2236,-1.5432,-8.3626,2.8109,0.72925,-2.2615,-1.7194,-4.5609,6.8201,2.7005,5.2201,-1.5604,1.3476,-2.8687,-5.3061,1.5525,-5.0067,0.67016,0.55751,6.348,-4.3359,4.6445,3.3072,-0.30577,-3.3677,-3.2517,-5.5425,2.3887,2.6406,4.0748,-4.6882,1.8142,0.84164,-3.5706,0.66228,2.4015,1.0641,-3.7036,-2.9033,-1.6702,-2.6258,3.2841,1.033,-0.22472,0.43567,-1.9974,-2.6095,1.9215,2.8428,-2.5024,-7.2341,0.4828,1.6606,0.94994,-4.4143,-2.0088,6.6113,-7.1141,-1.0134,0.63158,1.2098,-2.6555,0.84444,-1.5424,-1.1225,-6.7649,-1.5456,-0.87956,4.4116,-1.053,-6.2632,0.24994,-1.1165,-2.5461,-1.1231,-2.3281,-0.72051,-10.436,6.6041,1.0229,-2.2839,-2.5922,-2.415,-2.0563,-5.8493,-3.2874,-4.1311,-0.15346,4.9056,-1.5663,-6.3758,0.3472,-1.1698,-3.1825,-4.7262,3.0503,-3.8818,3.4556,-8.2314,-0.87043,7.3854,2.7132,5.0489,-0.26286,-0.85376,4.9818,-3.2724,2.2862,2.8659,-2.0324,-5.899,0.51872,5.8724,-6.1029,3.0066,4.8387,2.1604,-2.4083,-0.56759,3.0124,0.94522,-2.7806,1.7669,-5.7432,2.6065,-2.1927,-4.0567,-4.7599,-3.8497,1.8566,-3.576,-1.0663,4.1991,-2.829,-7.0206,3.0121,3.4747,-7.1877,-2.2427,0.2944,-1.3912,2.664,-2.0624,-0.90014,-7.0321,-1.9384,0.48545,-3.2818,8.7739,4.0122,-6.3721,-1.5959,-1.4331,4.8475,-1.6132,-4.8704,5.8939,-7.6086,-3.7138,6.9659,-0.21013,-2.761,-3.4754,-7.3395,1.2421,-1.0366,2.0261,-2.0161,-1.3065,1.1599,-2.2046,1.2503,10.597,-8.5326,-0.70198,0.74137,0.038638,0.28018,5.3607,-0.24748,-8.2198,4.1864,5.3437,-7.1417,9.3224,2.3488,3.3416,-1.8079,2.1608,-2.7507,0.81555,-1.3472,1.9286,-2.9764,0.44368,6.8726,3.6061,-4.9304,5.8825,-0.001844,1.1879,1.9284,2.9771,-7.2468,2.2337,1.3961,-6.2521,-4.17,6.0971,2.5863,-0.7784,-6.445,-0.56369,-0.016252,0.19597,1.8959,-7.1886,-1.9019,2.2097,5.6672,0.51363,6.9098,-1.5047,0.47958,-1.6387,-2.3712,1.3858,4.7073,4.1834,1.1927
4.5511,1.5428,0.93928,-2.5528,3.0681,0.99056,-3.6754,-1.7231,-1.9167,-3.1062,-3.0001,4.1875,-1.0133,-5.3473,0.0077314,2.4802,-7.108,3.1373,3.2642,5.4331,-0.51066,0.21342,3.1698,3.0569,3.7593,1.8496,-1.9054,6.6284,-0.02448,-7.9671,-1.3782,-3.1162,2.7641,-4.2481,-0.067262,2.6115,1.2273,-6.5978,2.8438,-4.3595,-2.134,-2.4495,-7.2807,0.037622,4.9581,0.65723,1.5672,-5.2274,3.5033,2.926,-3.2656,1.8722,-5.1564,4.234,-0.24522,3.6166,-5.3474,2.7232,2.9824,2.0866,-8.8524,6.499,-7.9702,-2.5639,-1.7126,0.25742,2.5258,3.1693,5.4253,-0.39846,-3.0548,-6.7606,5.2115,-2.1994,2.6883,2.9604,5.8428,-8.3002,-1.0783,-8.7961,2.4038,-2.8948,-4.5316,2.7054,-2.4265,-2.8078,-7.431,7.3819,0.90119,-6.9326,-2.5597,-0.93848,-2.5875,-4.0244,-1.2078,3.1772,4.7604,-4.4247,2.8024,-5.8705,2.2882,-1.7688,3.079,-0.71705,4.8029,0.34834,-2.3107,-3.1563,8.6988,3.3215,6.8634,7.11,2.2174,0.75787,4.9661,-5.4024,5.8923,-6.3984,-0.84772,-0.1542,2.6419,2.9819,2.0265,-2.4053,2.5539,-1.5613,-7.0005,-3.6689,4.038,3.2688,0.15606,9.0856,-3.695,-3.3922,2.8064,2.3596,-5.9376,-6.197,4.237,1.4912,-0.53358,3.5733,-1.2512,3.7481,-2.6862,-1.135,4.2858,10.186,2.0397,-0.79137,0.24572,4.7528,0.94375,1.2093,-4.9458,-2.0868,-4.7198,-1.8027,8.2981,-1.5703,5.5693,-4.7126,-1.3373,-2.3812,3.2571,-2.8101,-7.8143,0.38657,8.0335,0.41706,-7.1947,2.2683,-5.1418,-5.4946,-0.74661,-0.59901,-2.7822,0.36559,1.9684,4.931,0.30832,1.5234,10.515,-5.4936,-0.85114,-1.5779,-5.173,-4.6224,-1.7575,-8.576,-3.9125,4.3718,-3.0772,-2.0873,-5.8186,-4.6709,-7.8162,0.90712,2.6805,1.2014,-1.5175,-0.72072,2.8346,0.24311,-8.0206,-0.2298,0.97251,5.7209,8.4158,1.6471,-3.3086,-1.4126,-4.0051,-5.9683,3.1853,-0.68642,0.67283,1.1971,4.1698,1.7149,-0.70251,-0.79722,-7.0706,6.9032,4.1069,2.3518,-1.8282,-1.777,6.7302,0.22672,-2.2592,1.4338,2.3764,-8.3878,0.098444,3.0662,-1.3509,-4.3172,0.34856,3.4921,-1.0108,1.6634,-0.75896,0.37012,1.2999,-0.88096,-3.1241,0.023708,3.5772,1.7715,-3.6672,4.6137,-7.2986,1.7734,-1.8146,6.2928
8.651,2.094,-2.6707,-2.2837,-0.20234,-0.62554,2.2278,0.49931,-3.2138,3.6238,0.36888,-7.5907,0.91593,6.4643,-1.4666,-6.0372,-4.1341,5.7723,5.7846,-2.0706,10.677,-4.7129,3.4357,11.169,-0.71798,-5.4113,0.36815,-4.6638,-5.9795,-1.5084,4.6582,-1.7675,0.19388,0.78826,2.7798,-3.1957,2.5587,-11.778,1.1132,5.0879,2.7659,6.4153,3.3063,-11.548,4.4628,-1.9812,8.5876,-2.3795,1.0551,7.7778,-0.67932,-3.6413,6.9359,8.259,6.0612,-1.366,4.957,8.187,2.0668,-2.833,3.1778,-0.81677,-3.7226,1.6652,-1.0844,0.048421,8.0282,3.8656,-2.7721,-5.1059,2.1877,2.866,-2.4981,0.61928,-0.85946,-6.1522,6.6917,3.4776,0.70638,7.7114,-3.8485,0.096721,-6.4914,1.8316,2.2171,-1.35,1.3722,0.25313,-2.7563,-1.2855,7.498,-10.862,-0.33103,4.9306,3.9629,3.6152,-1.1551,9.3221,3.5137,-8.1619,1.9249,-0.38002,-3.718,1.234,-0.60751,-3.2695,-1.2953,-1.266,2.9215,2.3809,0.040173,-3.4503,2.063,-0.1367,-1.4967,-3.5256,3.6257,-2.5727,0.85084,4.5602,2.3492,3.0159,-6.4198,-2.2875,0.042453,-7.5524,5.2939,-1.5772,-3.978,4.4836,5.1558,-1.4438,2.6665,-2.9021,-6.002,-0.82985,-0.9643,0.58622,-5.5499,-1.556,8.5882,-1.1379,-2.6572,-4.8055,0.30758,-6.929,1.8173,4.7303,3.1911,-6.1816,-0.83563,-0.65589,-4.2306,5.5754,-2.3972,-3.0251,-0.88161,-8.3354,-4.4717,-1.3436,-1.5705,-4.16,3.7437,2.8779,-5.6176,-0.76769,7.0836,3.7592,-3.1601,6.0368,1.8884,1.8889,5.524,5.6126,-5.3138,-4.0201,0.67304,2.4685,-6.3166,3.879,3.6499,-0.082208,3.3086,-6.6682,-4.0612,-5.8256,4.8813,-2.7205,2.7579,-0.16028,-0.83431,1.1803,-4.2313,10.537,-4.2091,-0.17957,-0.31075,6.9817,-0.5793,0.17809,-1.3434,-3.3143,-0.58846,1.992,1.37,-2.472,1.5785,-2.1497,-0.80173,0.0055872,1.7969,7.4649,-8.9021,4.8611,2.6938,-5.3853,-1.2148,-0.063797,-1.5942,-5.38,-5.206,-2.0893,-3.9684,0.4754,3.713,-0.35768,-0.2744,-3.1055,-8.044,6.678,6.6029,0.59931,3.2396,4.1488,3.2477,0.16817,1.0755,-0.59083,-5.6739,3.7888,1.3532,8.4326,-7.2908,6.2691,7.3325,8.7316,5.5591,-2.7799,-0.052357,5.5741,-1.9027,-5.4463,-3.0079,4.8501,3.316,8.749
8.5693,-1.3057,-3.9832,0.67738,-7.6826,7.5569,-2.1536,-2.2065,0.52534,7.1101,4.9388,-2.9039,-2.1614,-8.8301,-0.11358,-3.9405,7.1285,-5.8459,-1.6051,1.1503,4.7364,-4.0356,1.3873,7.6383,9.3784,-3.3515,-0.71517,6.7027,2.6364,-0.96141,-4.3092,-2.0961,0.72002,5.7036,-6.9909,-1.1751,6.06,-0.55456,1.2291,5.5298,4.4821,3.752,-0.025447,3.063,2.4745,5.3138,4.8657,1.3634,-0.8305,5.8327,1.8979,5.3893,2.3073,5.7507,-6.6179,-0.13286,-3.9709,2.6531,1.0364,-9.5345,-0.28876,-2.7217,1.927,6.1861,3.4581,4.3592,0.91519,-7.4206,-8.365,5.0334,-2.9209,0.55685,4.3802,-5.928,-5.1534,3.7709,-0.43227,6.0893,-5.5698,-0.94412,6.4718,7.4952,0.21042,-6.6114,-2.7876,1.5729,-3.7133,-3.4288,4.5873,-6.9581,6.13,-6.143,-5.0438,9.9035,-3.0061,-5.8036,5.5928,-3.1789,-5.9722,11.204,2.2729,-6.3603,-3.251,-2.8692,-0.22022,1.3009,1.1197,5.0088,-1.1348,4.2819,0.49159,3.1521,3.9148,-0.77909,-12.657,3.1013,5.4796,-6.4271,-4.6987,-0.030969,-1.7974,3.0517,4.0263,-1.6289,-2.3826,3.3372,-4.0755,6.6708,2.354,5.4844,-1.5587,0.78213,6.6814,-3.5109,-4.1455,2.5475,-5.5313,-1.1516,1.2448,5.1973,3.5216,-0.55862,-3.45,2.1053,-4.8102,5.1819,3.6041,0.48967,2.1379,1.9281,-1.8118,-3.581,-3.2799,-0.81503,-5.785,1.2917,5.2974,2.4081,-6.84,5.2561,5.3199,-0.97256,6.0234,0.22371,3.18,2.0432,1.6433,-5.1597,-4.4387,5.0917,-3.9086,-2.6067,6.5868,6.2156,-4.5815,-6.3827,1.8779,-3.2445,-7.0682,2.3216,-1.1849,4.7795,0.38387,5.8955,-8.868,1.8241,-2.8042,-7.0757,8.829,3.2514,0.16754,-7.5295,2.2909,0.52727,-3.3379,2.3928,3.8596,5.8837,-4.6915,4.5591,1.413,-1.8707,4.065,-2.0081,-5.7753,2.1737,5.4184,-4.2668,4.6566,-2.0681,-0.23962,-2.2218,2.0244,-5.2505,-3.9928,3.637,-9.5858,1.502,-1.9842,5.2746,-1.9571,-3.1839,-1.9232,1.6332,-3.4224,2.6745,-0.11246,-3.6186,-1.7878,-1.9131,-4.1375,0.35198,0.88316,0.43894,-6.0156,1.2612,8.7957,-0.17993,1.3905,2.6443,-2.1063,-1.7434,-1.3071,-4.8422,-1.8723,1.7893,-0.18943,0.86644,5.3562,4.5181,-0.69995,-0.30011,6.4586,0.93212,-5.0394,9.4079
-0.71912,-2.298,2.7364,-3.9214,0.34871,-7.2881,2.4336,5.1028,-2.73,1.2384,-3.7261,-1.6588,-0.27462,-0.0088802,0.037528,-0.27789,0.43036,-0.21412,-2.0393,0.24811,7.8458,1.7102,-3.2748,1.8526,2.3838,-0.28583,2.1885,1.952,-1.3854,-2.8437,4.3969,-3.8519,-5.6233,-4.3729,3.4699,2.2617,7.1754,-6.1071,-1.3028,8.9585,3.3068,-7.1837,-8.7308,4.0087,-0.71193,-0.38693,-4.0341,1.5574,3.6783,0.834,-3.2062,5.8,0.73744,-5.0286,-3.3016,-4.8763,4.3024,-8.7822,4.9625,0.3297,-3.7167,-3.2453,-5.2704,7.6925,-3.8768,0.80996,-7.8869,9.0631,-7.6128,-1.8787,0.3845,3.1325,2.6147,-0.48073,-6.7013,-7.4218,1.9615,-6.9386,-3.0479,7.8464,1.2661,-1.5726,-9.0484,-4.9179,2.6483,0.57901,7.0259,-2.1003,-8.4385,-5.363,2.9616,-2.1614,-1.923,-1.4837,-7.8891,4.0398,-0.023169,2.5508,-1.9345,2.6192,7.9228,-4.028,-13.493,2.485,9.2832,-1.8882,4.5352,5.5174,-0.44388,0.013991,1.1518,1.8001,8.0301,-2.5692,-1.0798,-5.5699,-0.79224,3.969,-12.573,5.6563,0.78807,-4.8724,-7.1986,4.8238,0.003234,0.48546,-1.8512,4.5767,-4.741,-0.24029,4.8724,-4.2208,7.1158,-10.144,4.2752,-4.478,-0.74395,5.2295,-1.5947,-3.0151,2.769,-2.6418,4.5504,-1.9624,-1.7931,-6.9879,2.7832,4.0124,-9.1133,-2.9201,-2.2422,-2.8109,-2.3312,3.0559,-1.9526,-5.0833,-4.2814,-3.8368,-2.0137,-3.1124,-5.3617,0.61988,-3.1406,-2.2265,3.5844,-8.8806,-5.9292,5.8172,2.1704,-10.6,0.92454,-2.3837,-5.1181,-1.5353,2.7666,-4.5862,7.8629,8.0635,-0.66963,0.67006,9.9437,-0.83717,1.843,3.701,-0.89683,-1.0656,-12.363,1.5423,6.3441,-3.7387,0.41449,0.11027,-1.3647,-4.3021,1.5162,-3.3046,7.0792,2.3747,-1.8635,0.4626,-1.0099,-3.198,-9.1592,0.86178,-2.8114,-6.6266,1.1643,1.8947,5.7189,-5.9012,0.12699,-0.18365,-3.6339,-0.15529,4.9033,-10.044,2.6833,-6.7102,-4.5001,8.2488,4.0632,-6.4158,-7.5073,-3.7835,5.8081,-6.2534,4.988,9.9035,-8.31,0.68862,2.5063,1.7102,0.76352,-1.548,1.602,-0.84953,4.2097,4.6765,-3.0915,2.2337,5.2814,-1.9991,0.30233,0.88134,-6.4086,-5.6185,1.8173,-2.6853,-6.5711,-9.163,-2.9272,-6.9447,7.9485,-1.2585,-5.0283,-4.1777
-1.991,5.4937,1.8719,-10.015,-2.0591,4.2117,5.7158,-8.9843,4.5411,0.19925,-7.7154,-5.0308,-0.74031,0.80058,-1.2535,-2.1007,2.2482,1.1286,4.5586,2.51,-0.30272,-4.082,2.4785,-10.576,-1.125,2.3417,5.3866,-4.1332,1.7484,4.4754,-7.7061,8.7339,-1.2852,-4.7915,5.2465,1.9225,-2.7687,5.4148,2.1389,10.671,-2.6186,4.3553,2.6781,-3.2136,-4.185,3.6973,-4.3314,-0.58267,-1.7857,-2.762,-1.0246,-1.916,4.2769,-8.5265,-6.541,7.2296,-1.3977,4.2926,5.8172,-11.198,-3.6918,2.2543,4.6782,-3.1924,-0.044047,7.1973,-3.8843,0.72191,1.5943,1.3391,-5.0371,2.4169,-3.6617,-4.4368,3.0086,1.7756,4.5364,-1.8094,2.0981,-5.8717,-3.1145,7.3169,0.49443,-4.0982,1.8449,0.65618,-8.4057,0.94326,5.6684,-2.0106,4.3688,-2.6542,8.1639,-3.5737,3.3789,5.1268,0.85335,6.2698,8.8541,-2.4602,-2.4649,6.6422,-2.0009,-6.0506,-1.39,4.2566,3.7194,-7.8554,-3.2277,-2.9706,6.7924,0.32835,-1.1386,3.4772,7.7316,0.2536,3.5023,3.4814,-2.3524,-1.7947,-5.9503,1.7223,-1.0766,-2.6676,-3.3532,-10.396,-4.9405,4.1424,-2.6867,6.7143,3.9971,-0.92182,-7.6152,-4.5667,1.5391,0.68955,-0.28637,3.8342,5.0161,6.1021,-6.6631,3.7298,2.1453,-3.3166,-3.1353,-3.698,-4.4122,-3.82,-4.1465,-1.6147,2.8931,-3.2241,-3.2871,-2.9844,5.0298,1.1571,-7.8884,0.71371,9.7265,5.3921,-5.0014,4.4491,-5.761,-2.1426,-0.54132,3.7569,-3.5756,3.0434,-0.96258,-2.4331,-2.5359,-8.2949,-0.48194,1.7812,5.6231,-0.62727,-0.93918,0.17284,7.3464,2.6808,0.48927,2.0376,2.7908,-2.0493,3.6972,-1.6253,-1.507,7.9585,-4.3282,2.7865,-4.0454,0.99691,0.2742,-6.3134,-1.9985,7.4315,-5.1269,-0.31079,7.1219,3.61,0.49379,-1.8344,-1.842,-1.9581,2.4067,4.7785,1.292,-3.7506,3.9664,4.674,4.8538,-1.7053,-4.0357,-9.7633,-7.4858,4.6806,0.66059,-6.6502,3.4619,-2.3556,-6.6752,3.315,4.3559,3.1589,2.5783,9.0707,7.1321,-0.90795,-2.1414,1.6997,-4.3931,2.0854,1.2432,2.7516,6.3975,6.3369,1.729,-2.0815,7.2771,-8.111,0.46394,-0.12882,7.1628,-3.7031,3.522,0.92521,-4.2573,-2.3638,-7.5004,-1.2497,2.4554,1.6467,3.6915,4.3126,6.8269,3.9023
3.3094,0.7028,1.9395,1.3947,-9.1598,-6.0196,-0.29987,-0.88041,-8.2099,3.8803,0.29925,1.3144,-4.0759,-1.1407,4.1997,4.014,-5.8971,6.3925,2.4621,0.80231,-0.18975,-3.2132,1.9077,-1.1365,-0.9894,-3.3991,-5.2442,-1.8724,1.0079,2.6037,-2.3679,-1.0258,2.7362,-4.5317,5.4853,-1.6986,-2.5408,3.8265,7.7879,-4.5455,-6.2919,4.744,-6.9753,0.37501,3.1584,0.98838,-1.6265,0.92068,0.89478,1.9723,-3.0829,1.8312,-2.5128,6.8608,-2.3308,-4.2385,-3.5555,4.403,-1.2943,-3.6032,-4.1451,-1.6538,-3.2832,1.7999,-1.0278,-2.1906,2.0622,-1.7929,3.0432,-0.20791,-3.3164,0.82518,-3.0071,5.9295,-2.3064,1.3056,-1.1221,2.1302,5.0381,-1.7432,-5.0176,-2.4607,-3.7812,-7.5642,-4.102,-2.279,-7.1025,-1.3804,2.1451,-0.96359,-1.7368,-2.1876,-4.0416,-2.7535,9.3837,2.1917,-0.70739,-7.8052,0.526,-5.9219,2.7736,-2.3814,0.20673,-0.71287,-3.0776,-0.51179,2.6253,5.771,0.013227,-2.3317,0.30251,3.1862,0.23232,-5.0227,7.089,-4.1159,-4.6331,14.009,-0.49773,-6.3334,-7.695,3.4983,-1.1724,-4.8355,8.8198,0.065649,-2.11,3.9765,-6.4782,-5.4506,-3.1709,0.90314,-5.1116,0.37124,-4.0198,-0.17509,-2.363,-0.18417,10.129,3.2876,-4.479,3.2164,6.6385,-10.44,1.9834,0.45321,-3.5152,-7.4456,3.395,0.39132,0.48724,2.076,-5.8505,0.8961,2.5466,-0.35142,-3.9701,-1.917,8.9001,-0.68552,-4.0997,-5.4236,-1.9344,1.4334,-1.4334,-2.9458,-0.91702,-4.0786,5.9436,-5.2489,1.7933,9.0856,-1.2063,-4.8007,-0.77553,-6.0715,-4.7766,2.1714,9.2207,2.5305,-0.3786,2.3373,-3.4507,-0.49346,4.4243,-1.9343,-4.4206,-9.265,3.3678,-0.16289,1.4434,-1.5449,5.6767,2.3553,-0.0054847,1.2594,2.2701,4.9421,7.2036,0.084416,-1.8448,7.4577,0.064364,-7.1206,-2.3628,4.5874,1.5927,-1.6069,5.913,-1.4719,1.2223,-1.2684,-7.8591,0.58026,-1.1671,-2.8881,4.1791,-0.56354,1.0948,-7.0181,-5.9258,-4.3738,-1.0678,-9.2151,-1.9768,1.6733,-11.179,6.8257,-7.4983,-0.30602,-4.7649,6.5887,2.5601,-1.1518,-2.0323,6.6549,2.4663,-5.5642,7.4998,-9.2202,-3.2263,8.1871,-1.4123,1.2009,3.5585,2.0717,0.24171,-0.80305,-4.5654,-0.046802,6.3157,1.9981,-0.19229,1.7923,3.4102,3.6498
1.8734,6.0418,-0.092093,-2.1249,-7.7719,5.1299,5.385,-1.8844,-6.985,-4.4525,3.2592,-7.2834,0.68044,7.9063,-1.9637,-0.07904,1.0155,6.5217,-1.9749,-2.3844,0.73331,-3.5688,3.136,0.14666,-3.4428,-4.6037,-1.5849,2.1199,-2.6005,4.8085,2.4874,0.88495,-0.83452,1.8996,-2.8261,-0.39466,-4.7447,4.4012,8.7974,1.6043,2.6241,-1.8429,6.6355,3.7867,-2.4891,5.1028,2.815,-3.7689,2.0422,-1.5051,-3.3218,-1.8986,-3.1774,0.72708,1.4577,-4.2683,-1.4509,1.1258,2.2087,5.96,-0.28248,-5.9773,4.3004,1.7292,-3.833,-1.5197,-0.21687,-1.7729,-0.53445,0.29676,7.9437,-5.0491,-3.5441,8.5055,-9.2967,-2.3913,1.7684,1.0532,0.23024,2.0912,3.4282,-3.7414,2.7303,-1.3422,-6.1075,1.1908,3.8668,-0.93326,-3.8785,-3.4391,-1.3347,-2.784,0.12256,1.9096,-3.9274,-3.353,2.9856,-5.8241,-1.5292,1.5106,2.3431,1.0268,-6.2886,-1.137,-1.532,3.8879,7.6325,-8.6448,-10.251,3.6912,8.4915,-1.9047,-4.3302,3.3133,-0.59207,-3.8112,-0.064151,1.1845,-8.8555,-6.6058,7.6113,2.5211,1.0473,-0.69667,-3.4642,-7.421,3.4861,-4.9442,1.0006,8.2589,3.1777,-4.5056,1.9836,6.4436,0.82519,-5.8717,0.88871,5.2595,-7.0507,5.0305,1.1004,-2.2487,6.5624,-3.7556,1.2146,-3.5894,6.2898,-5.1659,-7.0013,7.0481,-1.4724,-11.124,-1.7038,10.108,1.9572,-0.92714,3.2861,0.243,2.1391,1.1502,1.683,0.74013,-0.38897,4.0852,-8.9817,-2.7768,-2.4843,2.4851,-6.6193,10.338,5.0293,-5.3466,0.85652,2.3122,-7.3758,-0.28184,-2.6057,-1.3093,4.8458,8.516,-0.70368,-6.7874,3.2454,-4.5966,1.0802,0.74622,0.098026,-3.1982,-0.38803,0.39517,1.6102,-0.46195,-1.7113,7.7466,0.51536,1.4306,3.9536,0.82639,3.5756,2.836,2.0571,1.0187,5.4541,-0.052529,-0.79889,-1.7563,-0.11541,-1.7911,-4.6045,2.9859,-0.33795,-1.539,-4.5191,4.4527,-0.0023671,-7.7953,2.3375,10.803,1.0737,-0.79809,-0.13845,-6.0555,-2.9635,-5.0386,-4.9707,-1.4605,2.1513,-2.8587,-0.60869,3.8717,2.0174,-4.164,-2.026,3.9801,-0.71688,6.4717,1.0455,0.78668,9.8126,-0.16073,5.6113,-8.9295,-10.219,3.7216,2.3914,1.1991,0.47748,2.0245,-5.5294,5.1063,5.2386,-5.3265,2.4571,0.50157,3.4047,-12.167
-7.715,-5.2783,0.97326,-0.52141,4.0292,0.61238,10.394,5.8096,2.3587,6.677,-6.4643,5.0199,0.27772,-7.5598,-3.2264,1.7399,-1.4061,-0.33807,3.1811,1.0788,5.3371,-7.1358,-0.032163,0.90128,-5.2307,-1.4783,-4.1322,-2.421,-9.6406,-3.4945,-1.9636,0.64632,-4.5843,8.8685,-1.4718,-0.42005,4.5632,-0.62911,-3.5338,2.2007,-0.84911,-2.9716,5.6211,-7.101,-2.5957,-6.6022,3.098,-0.41007,3.3827,-5.9599,-2.437,3.9416,4.8097,-2.2463,5.392,1.8603,12.89,-2.9904,0.30267,4.9789,-2.8434,-3.7348,-4.0188,0.43996,-9.6297,-0.70862,-1.7493,0.49698,-4.1824,4.1911,2.0743,-1.83,3.2066,-2.4962,-0.51028,6.6555,6.6898,-4.9533,2.3175,0.14704,1.8685,-3.4613,2.6878,-1.4016,-0.42886,2.1086,0.8558,-7.2378,-6.3952,-0.54014,-7.6734,3.5621,4.7817,0.28347,-7.7569,-4.5605,1.7444,-4.9405,-2.1416,5.8972,6.1865,-0.10661,7.2319,-4.3104,0.20175,4.5371,1.8809,3.6055,-4.1081,11.457,-0.4387,3.0029,4.5538,3.2693,-1.9507,3.5989,-2.5104,-8.5113,1.4011,1.9694,1.9355,-3.5069,0.63613,7.7134,-2.556,3.2527,1.886,0.16475,3.469,5.6419,-1.356,4.0959,-4.4416,-4.4252,1.2922,-4.7707,0.67482,-4.8378,-9.124,6.5643,-4.0026,0.35015,-1.9822,-0.34637,-0.54709,-4.1813,4.051,0.74452,-1.5738,-1.0366,-1.7105,-0.31971,4.0072,3.7086,2.5852,1.4673,5.2307,-2.1638,4.6975,3.1708,-1.1307,5.4164,-5.2674,1.7806,-2.1293,-0.70357,2.1981,-7.2718,-2.9019,-7.8486,1.1811,2.685,0.32227,3.493,8.1036,-1.034,5.909,-7.0498,-4.6127,0.80083,4.587,2.4373,3.822,-0.24858,-1.3705,2.6668,7.0909,-4.408,2.4323,-1.808,-0.49516,-0.33807,5.3401,-6.9988,-3.4627,3.4435,6.8495,-4.1565,-6.8401,5.9813,-1.951,-1.0393,2.7037,4.1074,-4.926,0.42841,-1.0774,3.93,0.39986,-9.2542,-1.633,-0.72057,-1.0407,2.2533,-2.8978,9.4052,8.8095,-6.7175,-4.5529,7.2081,-2.0629,2.5759,2.3822,3.8185,0.70847,-0.7091,3.8338,-4.069,-7.8631,3.2209,-3.5065,-6.6157,4.8214,-3.2117,-3.3272,2.1012,1.6372,-11.196,0.33634,9.891,0.75526,-4.1777,2.4979,5.8212,-3.9652,4.7217,1.7194,-0.84953,-6.5211,-3.8355,1.241,2.1469,0.8618,-1.0223,1.1927,-4.1221
5.8579,1.4274,-0.29371,-1.7685,0.89833,-2.9268,0.25521,3.2627,1.5992,-0.8008,-6.1099,7.3841,4.144,-1.4713,0.33755,3.8324,-1.3428,-7.1007,-1.0569,4.5188,-1.5383,0.38789,1.3801,-2.9836,4.348,5.3091,3.4943,-5.6975,4.3772,-0.59902,-10.581,1.4351,5.9985,-0.056845,-5.0329,1.189,0.68956,0.15102,-0.88336,-1.5834,1.9439,0.19186,-6.3964,-9.6377,1.1043,-0.20318,-2.2579,-1.4864,-2.6381,-0.95087,-4.0566,0.66751,5.3168,-5.7716,-1.1271,1.4267,0.16489,3.6327,2.7322,-4.553,5.3218,1.3937,-2.8371,-3.7263,-1.7262,7.6682,-3.9131,-5.3421,1.7519,3.1496,-1.4956,5.8677,0.90746,3.7251,-5.042,0.072122,2.5781,-3.3726,2.8663,-4.2642,-5.7005,1.5179,3.6226,-3.2908,-0.65278,2.2843,-7.2321,-0.90429,5.3355,3.698,3.6513,-2.9339,-2.619,-4.7889,-4.1072,11.821,1.3814,-4.4749,-4.1062,-4.5777,-2.0511,2.6658,-1.3388,-0.1725,0.035107,-6.176,0.97207,3.8809,9.668,0.039538,-1.5126,0.48053,-7.349,0.76753,3.4126,-2.161,2.2605,-6.6222,-3.2135,-7.8707,-0.38242,1.5307,-2.8508,-3.104,3.5143,7.7038,-4.8969,0.19018,2.0187,5.8182,-3.7272,7.0419,-1.4051,0.39233,-5.9318,0.63623,3.2386,-0.13631,8.69,-0.3146,-2.267,-3.5487,-1.3895,-6.026,-5.1413,-2.3805,-4.8475,-5.7678,4.2044,-1.4232,-7.7023,3.7326,-1.7904,-4.5456,-2.607,4.8675,9.7676,2.8583,-1.1709,-6.501,-0.63694,1.2898,-3.4589,2.1527,4.713,-1.3203,-6.0708,-6.9366,-4.7593,-1.9129,-6.8854,-8.5919,2.8313,2.9412,-6.9876,2.5325,-2.0605,-8.6641,6.2924,-0.44871,0.29493,-0.72518,4.683,-1.0869,-4.3737,1.0469,3.0646,-1.4294,8.4173,-3.7393,-1.6937,-0.78006,6.3487,-3.8508,-5.6571,5.1221,8.6971,-0.92827,-1.394,-5.1446,-3.903,2.5273,-1.649,0.90311,-3.9595,-4.5271,-0.92424,2.4763,4.3194,-5.6855,3.6517,-1.9509,5.5821,-5.0138,-1.668,-0.46288,-2.6422,3.7465,0.88451,-1.222,8.4998,0.9574,-3.5668,-7.4388,2.0953,1.8683,-0.56844,-1.51,2.0449,5.1321,1.5452,0.37708,6.1328,-7.9546,3.0306,-0.69693,-4.9887,-2.2756,1.8682,-1.3522,4.004,-0.094887,5.946,0.27307,8.399,8.1282,-1.4867,-2.4975,7.8743,-0.31824,-1.1076,2.5049,4.6962,-5.1995,-3.3659,1.4391
4.2939,3.7135,0.67508,-3.6091,-0.61504,4.9294,-7.5786,-3.1036,-5.1119,4.5315,5.5111,-1.1866,-4.4433,-3.4666,0.53628,1.2412,-2.6078,1.7441,0.49797,-6.0724,-0.41939,-5.7209,-3.6785,1.759,-2.4656,4.4049,-1.6315,0.38491,0.77317,4.0585,2.4126,-4.2057,-6.8528,2.6663,-3.4401,-2.3208,-1.7554,5.9504,6.1318,-6.1355,5.5777,2.1565,5.5937,1.4427,-7.6124,-5.1263,0.16291,-1.68,-5.3784,10.345,-0.11213,0.19563,-3.6707,8.1788,0.64748,-8.5642,-2.2979,-1.3769,-0.43517,1.9414,3.6913,-4.4031,-2.1193,-4.4988,-3.0139,-11.878,2.5876,1.5323,-3.6132,-2.0032,7.5687,-0.98431,1.8434,1.4726,-0.1042,1.2429,-2.709,-2.6695,-6.6336,0.30619,0.44688,-2.3785,8.0453,3.7428,2.567,-2.2796,-1.71,-4.2235,0.40911,3.9569,2.9513,2.0438,-1.127,-0.67066,-1.2921,-6.4298,-3.1918,-0.097851,0.46764,5.6507,-2.5614,1.7122,4.53,3.0889,-1.3801,-1.101,7.1075,0.79069,0.12363,2.262,1.8538,-10.45,0.23175,4.8368,2.296,-4.3429,4.799,0.79458,-1.9368,-2.2298,-1.7147,0.71358,-1.8218,2.6646,3.1207,-3.0631,7.9162,0.60751,-3.8885,2.7031,-2.3629,-2.4202,-1.0266,4.2565,-0.95675,2.9128,3.3343,-0.86602,-4.2477,5.2849,-4.3106,-4.4053,2.0681,-1.6419,-7.593,-6.3057,3.4337,0.52174,3.2543,6.6193,-0.37901,5.2117,3.2428,2.2773,-1.2696,-0.79846,2.1998,-0.66138,-3.2729,-0.99438,4.2014,-1.8897,-2.624,-0.62166,-5.7564,0.9243,-0.16884,4.1828,7.057,-0.86692,2.424,-6.7545,-3.1569,4.612,4.3043,2.869,-2.7065,3.3887,10.461,6.7079,0.71297,-4.9545,2.7042,3.3699,5.0682,-5.7982,8.2331,3.7972,-1.9579,1.1163,0.98531,-3.1356,2.8223,4.8141,-2.5601,-3.6734,5.8406,-1.527,1.6363,1.4518,1.1589,-3.3733,5.1624,5.8421,-2.248,1.1726,5.8319,-3.6599,-3.3254,2.8647,2.3119,-0.44024,-2.4762,7.6733,0.16013,1.5189,-3.6411,5.8251,4.5617,7.4872,0.3693,0.45981,3.1798,-0.50698,7.1577,5.736,2.3724,0.55361,1.6827,-2.0608,3.7084,-1.4953,0.4166,3.0645,-1.2567,0.24994,-3.84,2.0264,-2.3022,-4.7889,-7.7874,-1.9476,5.6669,2.9205,-4.7748,-1.3535,5.9427,1.3153,-10.019,-0.27781,9.9798,1.5008,0.62941,1.0955,-5.6036,-4.5853
2.2066,5.3846,-0.74546,2.8806,-2.8918,-4.7532,-1.7517,-1.286,6.1522,-7.0668,-2.1695,-0.72407,-4.4555,-10.004,-4.1077,-4.2893,1.4733,2.0344,1.3044,-5.2845,-8.3499,1.2029,3.5091,-5.4549,4.7111,6.1772,-2.1731,5.0105,6.4068,-2.9778,-6.0684,4.8864,1.0266,-2.8765,1.8474,3.6102,-5.1635,2.2164,8.0338,-2.6491,5.3173,2.8335,6.3964,-4.5601,4.8441,1.2089,-8.8539,-2.5604,-3.2812,-5.4262,1.1739,-9.3591,-1.6461,-4.562,0.55736,2.4599,-2.0686,0.47069,7.4684,-6.9801,0.11385,-3.2242,2.1392,-3.4342,-1.2758,-0.72375,-5.0406,-7.9659,6.8832,-1.7599,-6.7005,2.5593,-5.9777,1.5516,-4.0467,-3.339,-0.88672,-3.0224,-0.66841,-6.9071,5.9378,2.4319,-0.048495,-3.3045,2.8397,6.0309,-4.3375,-4.3796,0.33773,-3.4408,-3.9737,1.6399,-4.4976,-4.8685,9.1839,-5.2795,-9.3082,-1.8262,9.4979,-6.2072,-4.9804,1.4048,-8.9205,1.4094,-1.4088,7.5469,-5.2001,1.246,5.0356,8.4831,4.392,-4.5031,-5.8977,2.7164,5.7321,5.7399,-3.1161,-2.026,4.7881,-1.4787,-2.3156,-2.661,3.5738,-1.3839,0.039532,1.2959,-5.4295,4.0144,9.8819,4.3396,2.2577,-0.18772,-2.4715,-1.136,1.7323,-4.2915,-4.1884,-4.1803,2.1655,-1.4045,3.7471,9.6279,4.5362,-2.6805,3.1864,5.0022,-3.5626,-2.8589,6.3422,1.2775,0.62175,4.1936,-5.7869,3.224,1.024,0.53936,-4.577,11.041,1.6689,-5.5981,-0.1085,3.1089,0.4978,-9.6048,-2.5624,4.0761,2.9541,3.0218,-3.4239,6.0938,-10.32,0.44889,-2.3584,-4.4989,1.3194,4.1708,-3.2025,7.2098,3.4341,1.3572,1.0812,-2.1851,0.86149,-13.053,-0.79593,0.4561,-3.0487,-1.3848,1.5418,-5.0182,-3.1714,0.56775,-2.1246,3.477,2.7795,4.4037,-4.8821,-1.5561,1.4653,-4.4631,3.1687,2.5552,1.9836,-2.0398,2.349,3.4219,-2.5724,-2.3921,-1.2184,1.6178,-3.824,-0.81697,-4.747,-1.8374,-7.2277,2.4812,-1.4697,3.5428,-3.0371,-3.3873,7.0742,2.4234,4.8414,3.427,2.8873,5.1444,-6.5507,-5.3366,-2.1934,9.1246,-3.7408,-1.3416,-5.8293,-1.1058,0.84575,-3.8619,1.6827,3.6174,-8.5256,-6.1079,8.4087,1.0302,-1.7922,-3.4492,4.6184,8.5281,-3.6731,-1.5624,3.0058,5.906,1.5645,1.0321,-0.088637,0.75007,-5.6392,-10.091
-7.5617,0.43778,0.92735,-4.5915,7.1407,5.3026,3.2263,7.2655,3.4961,3.4222,-1.9783,1.5557,6.0164,-3.9193,-6.2551,4.6805,-0.82373,2.8858,-5.3045,-3.0929,-2.3381,0.86461,6.0945,-5.1624,0.97493,8.5214,-5.5784,-2.7714,5.9533,0.10623,4.1076,-2.4411,1.854,-2.7979,-1.865,-4.2245,-1.5996,1.6564,-1.6911,-2.9853,-1.6995,4.7454,7.1035,-11.092,3.1982,5.1042,-1.7221,-5.2494,2.22,-2.5971,-7.944,8.7774,6.2757,-1.7187,3.3916,-1.8202,-5.6016,3.82,-0.47936,-2.413,-6.6475,-6.5131,5.228,-6.6109,2.2387,5.0073,-3.3187,0.90641,9.4208,-2.087,-6.1024,0.55952,-3.4813,7.8764,0.887,-7.3683,-6.8412,1.7565,-6.7582,3.6292,2.4103,-0.70901,0.4766,-3.5935,10.661,8.9471,-2.5982,-1.7932,2.1179,8.0531,-13.537,6.687,8.1555,2.8157,-0.42031,0.44601,-6.3067,2.6365,-0.47771,-1.8375,0.088613,4.5498,-1.5248,4.2779,2.1071,-5.5871,-4.7004,-0.42072,4.6517,-1.3959,0.82506,-1.5975,7.1967,-4.0548,-7.8936,6.8425,-1.4807,-3.6772,-3.1461,2.4046,6.213,3.2328,2.0459,-2.1857,3.3166,4.1769,-5.4783,3.6091,-5.0504,5.2041,-5.945,1.9751,-2.1122,-2.9867,0.83211,0.63869,4.9255,-2.643,-7.8821,-2.6045,5.9556,0.44473,1.0611,1.7364,-1.9696,5.8509,-8.2374,-0.88154,0.23522,-2.2881,-6.9882,3.3831,0.27972,-6.6616,4.5893,3.029,7.0277,-3.9555,1.7207,-3.8484,2.8708,2.8352,6.3712,-2.8282,6.4467,5.2586,0.98007,4.2959,4.4861,0.55353,-3.673,2.0824,-0.6498,-2.1818,-5.3405,-2.4069,2.6628,4.1451,5.1947,-6.0425,3.0974,8.8786,1.6442,2.8817,2.4858,1.0587,-6.5352,-0.27744,-7.2288,-5.0941,-0.62006,-0.45738,2.5112,-0.47318,-1.2308,0.21977,1.0031,1.0881,-2.2988,-7.8207,-1.0291,4.2791,-4.1489,-5.8946,7.5258,-0.20892,-3.068,-10.151,2.5723,-5.2288,-3.2309,4.4243,0.060753,2.2768,0.84463,-2.96,4.5817,-0.96236,-1.4046,-3.1314,-1.2315,6.8058,-4.2832,-8.9851,-2.5513,-5.0844,-6.5604,-5.2175,2.0674,4.9322,0.23225,-8.6708,-2.7882,-5.3136,3.1103,2.3263,1.9961,0.34832,-1.3625,-0.40708,3.8116,-0.68166,1.5159,-3.6216,-2.0564,4.6111,-2.2421,1.8618,3.3614,3.0434,-4.858,9.1387,3.0704,0.76819,-5.9849,-0.62264
0.14617,1.8951,2.5616,-0.61003,-1.0332,0.71723,-1.123,4.8466,7.1521,-4.6733,6.957,1.2662,-0.2852,-9.0604,0.48381,3.5411,-7.2634,2.9429,4.5749,-6.6036,2.081,3.1615,-9.7019,-7.1673,4.3884,-7.1965,-4.2179,-1.3468,2.9641,3.6784,3.2434,-0.53355,3.2527,-2.2796,-2.9097,-5.3237,4.626,8.1237,-0.45277,-9.9585,3.7179,-4.3894,-1.2269,3.8747,3.4343,-5.158,3.8226,-3.9605,2.7817,-9.0167,-2.5288,4.3545,-3.467,-8.3415,1.5176,6.4518,-16.361,-2.1351,-1.5195,3.4971,-9.8746,1.776,-6.0514,0.20027,6.8299,5.0828,1.7751,3.2238,-4.5293,-2.501,-2.632,4.9433,3.3749,-0.06081,-2.6638,5.5516,-7.3807,0.26118,1.4989,4.8259,4.8604,0.42988,4.5138,1.7624,-1.2394,0.9849,-0.4382,0.40102,0.36722,-0.23103,3.2786,2.5598,-3.045,0.98143,4.605,-1.3776,0.68302,-2.3849,4.755,4.4238,-0.18036,3.4477,-0.2157,6.4737,11.824,4.2609,5.5455,9.3332,5.1646,-3.1529,3.1822,2.39,-1.482,6.4048,1.1442,4.7956,-2.9794,-1.3483,4.8693,-4.4813,0.88831,2.5893,-1.604,4.0393,0.16697,2.8011,-3.9475,4.1108,2.438,-0.054044,2.6274,0.45114,-6.0406,-1.7041,2.0426,6.069,-4.627,5.1511,-1.6936,0.19326,-0.74294,-5.788,-3.8246,2.0717,1.2611,4.9068,-3.5258,-2.5952,0.6001,-7.7009,0.71613,1.7055,0.95424,-3.051,-0.037856,10.396,-7.5379,-1.4519,2.0918,2.8478,0.35852,-3.3934,4.9863,-1.4991,3.7788,-6.2922,-3.0083,6.2767,-4.3627,1.554,2.6491,3.2119,-0.68724,-3.3283,3.5769,3.5632,-8.6801,1.2524,-3.7407,0.37778,7.2107,-0.12814,-2.3118,-1.7891,0.26407,-3.1182,-5.005,3.5192,-1.4174,13.065,-2.7226,1.2746,-4.4826,-6.7457,-0.36813,-2.9103,-1.1959,-3.2765,5.0024,-2.9942,-5.1398,-3.783,-2.0828,-3.4798,1.3913,0.6631,0.39561,2.0288,13.157,-3.0113,-4.8081,-1.8967,1.5205,-1.4229,0.89311,-0.29449,-3.6272,-2.8074,-1.0098,-1.4404,-3.0699,4.2398,7.314,2.4149,-0.074063,2.7736,-1.3234,6.6261,-5.2188,-0.82457,0.5644,7.5866,-0.37304,-2.0304,-4.6286,5.125,-1.0087,-1.7267,2.0178,4.3224,-5.4832,3.0675,0.30384,-1.6263,0.90128,-2.545,-4.6409,5.1199,3.2101,-2.0865,-0.13712,-3.5663,-2.364,-1.8779,-2.3992,2.4514
-5.9668,-2.2962,-3.2525,0.99992,6.3627,2.5113,2.7613,1.4763,-4.2073,-6.1828,-0.31647,-9.8841,-5.3252,2.8363,-2.235,-3.9982,2.0832,5.1626,-4.2836,3.3782,3.9429,0.95814,-6.9618,-3.2958,2.3935,-0.58174,1.6544,-0.019162,-3.9432,2.4234,0.19464,-0.80669,-7.048,4.5409,6.2807,0.27115,-1.9725,2.6357,6.297,-11.433,4.9916,3.3855,-3.4931,-4.3416,-2.2424,5.7585,2.4687,2.4349,4.7336,6.008,4.1977,-5.1758,0.98441,3.8224,-0.68242,1.1232,1.0465,-1.5058,-0.9504,-3.3216,-0.90171,-1.4562,-7.2931,-2.0593,0.94862,-1.1286,2.8289,1.8026,-1.9088,4.4492,-0.6239,-2.4103,1.996,2.1988,2.7185,2.1361,2.4812,9.611,2.7227,-1.1663,5.4089,5.0842,-5.5365,-1.4464,-0.62889,5.0836,1.285,4.1467,-0.78048,7.0841,7.8744,0.8287,1.1867,-1.6225,2.0923,-2.5678,6.5312,10.417,-3.5792,4.1018,5.9955,0.1588,-1.3187,-0.096784,-0.41983,-7.477,2.2708,-0.13835,-1.7679,-0.35055,8.0993,-5.8715,-1.4847,3.4703,-5.5628,-2.6867,-5.3714,2.1845,-2.3821,-4.7089,-0.69842,5.1238,0.75743,-1.8166,-0.068491,-6.1963,-0.1451,1.7854,1.0115,-3.8316,-3.2511,-5.5636,-6.7325,5.0987,3.2655,-4.1658,2.5059,2.2708,-5.2958,-10.051,9.4879,-4.0094,2.4734,1.152,-6.0246,-3.7629,1.8527,2.3177,-3.5725,3.5879,-1.8371,-3.298,-4.5783,4.4482,-0.18868,-6.0991,-2.4442,1.7186,4.8645,0.67185,2.9483,-5.6057,-2.4749,-9.2359,-2.9476,4.493,-7.0183,0.49579,3.2895,-0.41079,4.3103,-7.2026,-5.9314,-0.60074,-0.74509,-4.1995,0.18221,11.598,-0.80222,-0.032285,2.4532,-1.5294,-2.7785,-0.84813,-0.33963,1.9478,4.6881,4.2135,0.22165,-1.7948,0.15762,1.0388,-1.4591,2.7632,2.118,2.0349,1.2597,-0.16005,7.4022,-0.43575,-5.2164,12.25,0.44772,-5.6883,2.0305,-1.3945,-0.031731,2.3473,4.0798,1.045,2.144,-1.2303,-12.967,1.4109,-0.46208,-2.0347,4.7036,7.5872,1.9383,6.7496,-5.3324,3.1771,-5.4278,-0.22487,0.52721,-5.9119,-0.18657,2.1734,-1.0756,-1.751,1.0055,-0.25761,-1.5579,0.12484,3.6244,-7.0082,-3.3092,2.275,-1.9567,6.0187,0.067815,2.3585,3.1161,-2.6391,-5.0359,-0.26834,-3.7284,0.98583,0.71611,3.3153,5.9487,0.68359,0.16691,0.93794,5.4235,2.037
-5.8243,1.8079,5.3916,1.0837,0.057294,1.4498,-7.3653,-3.4999,5.0986,10.879,1.9669,1.5458,3.6829,-0.56906,2.249,3.197,-7.9325,-3.0663,7.0645,5.9421,-0.003043,3.7999,1.0895,2.9285,-1.2218,-3.5964,-6.6367,-3.5108,6.8053,7.6968,-8.0924,0.20465,7.365,1.5467,-2.715,-4.0003,1.4398,2.0593,2.1477,9.7758,-7.9473,1.3111,3.0939,-10.119,3.4966,1.1324,7.6846,-5.5553,3.6257,-5.4067,-6.951,-1.2866,4.6028,-3.7773,-1.8974,-0.85241,1.1836,4.315,-7.0615,0.24787,-6.4766,5.6322,-6.6443,-2.1337,-1.6111,1.3237,-5.8995,-3.6975,0.78968,4.3612,-1.8888,1.6278,-3.2008,5.3765,0.23176,-1.4949,3.3394,-5.5408,-4.4859,-1.5151,-5.0126,-4.0005,-1.1134,6.8802,4.4115,4.0914,4.1696,-0.48298,-0.66808,4.6148,5.7863,1.6607,0.67507,4.6297,-0.91514,-1.9269,4.1669,-5.4392,4.4917,-1.7674,-2.5887,1.8799,2.1653,-4.5716,-0.88766,-1.5105,3.8005,-4.7429,4.0077,8.6946,2.2458,1.6245,11.701,0.017266,2.5682,-1.9642,2.8736,6.9147,-4.2216,-3.3569,3.4653,-1.769,-0.24354,2.8383,5.3685,-2.2389,-2.682,-6.3527,6.1702,-0.71594,-1.4124,-1.6762,0.24535,-2.2253,4.542,0.97553,-0.88095,-7.2866,7.8378,8.1858,-1.4047,-4.6743,3.5148,-4.2549,6.0216,3.0156,-3.6404,-2.0292,5.7702,5.9286,-2.948,4.3846,9.4043,0.81471,0.61593,1.6463,-0.89437,-5.1758,7.7313,3.0266,-8.0312,-2.7117,-1.8209,-5.2492,-3.2189,10.863,2.5125,-4.8512,0.91213,-0.54279,-2.4628,-6.5415,1.0178,-1.5898,-1.2272,4.969,-3.1269,-4.6305,1.3403,1.4357,1.308,7.3491,2.81,2.6165,-9.2432,4.2769,-1.8214,-6.3116,0.5601,1.8219,-4.4082,-1.7196,2.2568,0.59915,-4.1289,-0.63196,-5.6788,6.6048,1.2473,0.14279,2.9575,3.0865,9.4392,6.5475,-1.0419,2.188,-8.3624,-10.1,-1.2956,3.9668,-10.156,-3.4803,4.7374,-2.3534,-7.0581,-2.0118,-1.7094,4.6273,-0.5052,-5.8192,1.0918,3.6968,-3.8195,-0.88533,-4.244,6.2848,3.4907,-3.0755,-1.1709,6.3104,5.5347,0.54979,0.93739,-2.1001,-3.4403,5.4056,7.4731,1.9383,0.7254,-8.3398,-0.44533,0.99718,-2.6415,-2.6032,2.8547,5.8336,-1.7057,2.0999,-5.3809,4.1914,-7.1501,-0.719,-1.9183,4.1883,3.3272,1.9484
